fips,Census Tract,Total Population,Population Density (Per Sq. Mile),"Area (Land, in Sq. Miles)",Total Population: White Alone,Total Population: Black or African American Alone,Total Population: American Indian and Alaska Native Alone,Total Population: Asian Alone,Total Population: Native Hawaiian and Other Pacific Islander Alone,Total Population: Some Other Race Alone,Total Population: Two or More Races,% Total Population: White Alone,% Total Population: Black or African American Alone,% Total Population: American Indian and Alaska Native Alone,% Total Population: Asian Alone,% Total Population: Native Hawaiian and Other Pacific Islander Alone,% Total Population: Some Other Race Alone,% Total Population: Two or More Races,Population 25 Years and Over: Less than High School,Population 25 Years and Over: High School Graduate (Includes Equivalency),Population 25 Years and Over: Some College,Population 25 Years and Over: Bachelor's Degree,Population 25 Years and Over: Master's Degree,Population 25 Years and Over: Professional School Degree,Population 25 Years and Over: Doctorate Degree,% Population: Less than High School,% Population: High School Graduate,% Population: Some College,% Population: Bachelor's Degree,% Population: Master's Degree,% Population: Professional School,% Population: Doctorate Degree,% Civilian Population in Labor Force 16 Years and Over: Unemployed,Median Family Income,% Households: No Earnings,% Households: with Wage or Salary Income,% Households: with Self-Employment Income,"% Households: with Interest, Dividends, or Net Rental Income",% Households: with Social Security Income,% Households: with Supplemental Security Income (Ssi),% Households: with Public Assistance Income,% Households: with Retirement Income,% Households: with Other Types of Income,Per Capita Income (In 2016 Inflation Adjusted Dollars),Gini Index,% Occupied Housing Units: Owner Occupied,Median Gross Rent,"% Households: Less than $40,000","% Households: $40,000 to $75,000","% Households: $75,000 to $125,000","% Households: $125,000 and Over",% Workers with Less than 20 Minute Commute,% Workers with 20 to 40 Minute Commute,% Workers with Over 40 Minute Commute,% Workers with No Commute
41051000100,Census Tract 1,6293,4590.163,1.37097546397898,5687,0,99,142,17,108,240,90.37,0,1.57,2.26,0.27,1.72,3.81,41,509,1533,1385,963,325,117,0.84,10.45,31.46,28.42,19.76,6.67,2.4,4.77,73393,19.12,74.4,22.04,36.8,24.75,2.29,0.99,14.08,7.68,45524,0.4422,57.18,1090,24.12,26.2,22.36,27.33,21.79,52.870000000000005,14,11.35
41051000200,Census Tract 2,6615,7284.93,0.908038956165048,5719,13,72,214,23,71,503,86.46,0.2,1.09,3.24,0.35,1.07,7.6,154,520,1621,1860,646,137,151,3.03,10.22,31.85,36.55,12.69,2.69,2.97,5.64,62260,25.06,73.22,19.81,29.52,27.89,5.64,4.66,9.78,7.53,35973,0.4751,46.5,810,35.91,26.46,21.67,15.969999999999999,27.439999999999998,48.94,12.39,11.23
41051000301,Census Tract 3.01,5431,6194.103,0.876801745799594,4569,84,16,421,23,42,276,84.13,1.55,0.29,7.75,0.42,0.77,5.08,164,612,1028,902,458,100,25,4.99,18.61,31.26,27.42,13.93,3.04,0.76,9.42,41706,22.62,74.84,15.3,23.91,24.96,4.21,3.54,12.29,9.23,24918,0.4707,36.54,1039,46.86,25.83,17.07,10.229999999999999,36.66,42.07,11.780000000000001,9.49
41051000302,Census Tract 3.02,7165,5803.79,1.23453815230032,6634,0,16,232,0,17,266,92.59,0,0.22,3.24,0,0.24,3.71,98,450,1292,1773,1157,364,192,1.84,8.45,24.26,33.29,21.72,6.83,3.6,5.24,103404,17.45,81.27,23.39,42.78,26.43,0.95,0.95,21.19,5.35,53685,0.4512,89.41,1716,17.75,16.759999999999998,27.39,38.12,26.79,47.15,21.14,4.93
41051000401,Census Tract 4.01,3853,7355.778,0.523805901803406,3497,0,0,243,0,23,90,90.76,0,0,6.31,0,0.6,2.34,150,421,658,1077,423,163,93,5.03,14.1,22.04,36.08,14.17,5.46,3.12,6.15,72917,12.61,86.53,16.57,26.4,20.66,1.65,4.49,12.74,6.47,33892,0.3405,72.81,1250,22.18,30.3,29.3,18.21,29.590000000000003,42.150000000000006,19.31,8.94
41051000402,Census Tract 4.02,3313,7329.537,0.452006727444297,2798,25,23,343,0,32,92,84.46,0.75,0.69,10.35,0,0.97,2.78,150,483,784,710,274,65,18,6.04,19.44,31.56,28.58,11.03,2.62,0.72,2.32,72045,15.07,81.54,13.24,25.66,22.21,1.1,1.62,12.79,9.71,31224,0.3096,72.06,1152,21.319999999999997,29.560000000000002,38.82,10.29,30.11,46.95,18.73,4.21
41051000501,Census Tract 5.01,4004,9191.51,0.435619392831164,3169,0,60,386,0,62,327,79.15,0,1.5,9.64,0,1.55,8.17,270,605,1057,633,317,54,52,9.04,20.25,35.37,21.18,10.61,1.81,1.74,10.95,53180,12.68,84.62,15.32,27.75,18.46,7.69,6.22,8.74,10.09,25555,0.4202,59.26,1057,37.11,31.81,21.42,9.67,20.32,54.870000000000005,15.69,9.12
41051000502,Census Tract 5.02,4924,8875.396,0.554792145755115,3751,145,8,560,13,290,157,76.18,2.94,0.16,11.37,0.26,5.89,3.19,913,869,991,724,278,2,16,24.07,22.91,26.13,19.09,7.33,0.05,0.42,2.32,46526,18.5,78.45,15.3,14.68,24.91,9.97,4.34,12.87,13.7,21620,0.3628,47.86,1060,39.42999999999999,41.33,15.450000000000001,3.77,32.72,45.849999999999994,16.72,4.7
41051000601,Census Tract 6.01,5477,6976.465,0.785068116145712,3970,123,4,862,19,326,173,72.48,2.25,0.07,15.74,0.35,5.95,3.16,856,848,1218,527,144,20,7,23.65,23.43,33.65,14.56,3.98,0.55,0.19,5.96,46138,15.48,81.41,11.6,11.03,22.53,7.46,6.47,10.51,12.07,21123,0.4442,55.67,1010,45.93,26.509999999999998,20.15,7.4,33.49,47.93,16.85,1.74
41051000602,Census Tract 6.02,5991,9354.512,0.640439646824619,4080,219,201,1022,0,166,303,68.1,3.66,3.36,17.06,0,2.77,5.06,826,1020,1345,572,200,8,41,20.59,25.42,33.52,14.26,4.99,0.2,1.02,5.68,45938,12.21,85.11,16.43,14.27,16.49,6.23,6.54,9.63,13.45,18204,0.3375,64.14,994,40.7,37.05,15.969999999999999,6.279999999999999,23.57,44.91,24.09,7.42
41051000701,Census Tract 7.01,4755,8646.258,0.549948880072031,3724,128,0,520,0,144,239,78.32,2.69,0,10.94,0,3.03,5.03,370,701,1075,941,430,70,9,10.29,19.49,29.89,26.17,11.96,1.95,0.25,9.49,56118,13.69,83.03,9.19,26.87,21.06,6.57,2.68,14.55,13.74,31378,0.415,60.3,976,33.33,27.529999999999998,25.4,13.739999999999998,33.06,37.92,21.08,7.94
41051000702,Census Tract 7.02,4953,9108.629,0.543770086965654,3799,192,66,563,9,20,304,76.7,3.88,1.33,11.37,0.18,0.4,6.14,291,603,1175,1211,366,76,48,7.72,15.99,31.17,32.12,9.71,2.02,1.27,6.17,54407,16.34,77.79,19.18,20.01,19.52,7.83,5.48,9.25,14.97,26877,0.3797,58.46,1134,34.870000000000005,32.82,23.970000000000002,8.32,24.05,50.96,20.91,4.09
41051000801,Census Tract 8.01,4524,7515.537,0.601952982021538,3927,241,38,181,0,13,124,86.8,5.33,0.84,4,0,0.29,2.74,146,463,1006,1197,626,91,146,3.97,12.6,27.37,32.57,17.03,2.48,3.97,5.54,59832,14.51,79.29,19.92,30.5,20.07,2.46,0.93,10.62,6.89,38901,0.4676,56.42,1117,28.860000000000003,32.760000000000005,21.049999999999997,17.32,24.49,51.959999999999994,16.23,7.33
41051000802,Census Tract 8.02,4771,9281.208,0.514049485943564,4142,74,67,211,0,2,275,86.82,1.55,1.4,4.42,0,0.04,5.76,270,619,971,1233,569,26,11,7.3,16.73,26.25,33.33,15.38,0.7,0.3,8.69,57525,11.88,83.65,19.93,18.35,17.56,1.96,4.8,12.67,11.27,29346,0.3954,37.45,998,34.17999999999999,34.66,22.4,8.76,23.46,48.2,20.83,7.51
41051000901,Census Tract 9.01,4172,9585.885,0.435223251999623,3480,22,21,289,0,41,319,83.41,0.53,0.5,6.93,0,0.98,7.65,139,343,717,1157,656,192,118,4.18,10.33,21.58,34.83,19.75,5.78,3.55,4.69,74487,11.05,85.37,19.45,31.8,15.22,2.65,1.9,8.67,5.53,45407,0.4612,52.17,1188,23.94,26.490000000000002,26.38,23.19,28.919999999999998,44.54,15.439999999999998,11.09
41051000902,Census Tract 9.02,4385,11338.12,0.386748510031707,3332,375,59,370,27,62,160,75.99,8.55,1.35,8.44,0.62,1.41,3.65,350,424,878,830,384,148,63,11.37,13.78,28.53,26.97,12.48,4.81,2.05,7.09,45149,15.06,79.19,19.55,17.38,17.08,6.9,6.8,7.25,13.55,27713,0.4887,35.57,892,48.72,24.64,16.98,9.68,28.7,45.67,17.67,7.96
41051001e3,Census Tract 10,5896,6048.608,0.974769767273053,5333,98,12,294,0,45,114,90.45,1.66,0.2,4.99,0,0.76,1.93,256,343,1526,1538,714,188,17,5.59,7.49,33.3,33.57,15.58,4.1,0.37,5.65,61013,15.83,77.95,18.88,32.06,15.72,3.36,2.42,9.73,14.39,30764,0.4118,39.6,1072,33.11,29.200000000000003,21.740000000000002,15.94,33.41,45.87,15.200000000000001,5.52
41051001101,Census Tract 11.01,2106,3874.906,0.543497112727935,1715,145,10,114,0,14,108,81.43,6.89,0.47,5.41,0,0.66,5.13,111,292,448,674,290,41,14,5.94,15.61,23.96,36.04,15.51,2.19,0.75,15.71,24194,26.08,69.73,12.71,13.89,20.72,10.07,8.6,7.27,5.14,28778,0.5407,10.65,758,63.779999999999994,22.27,8.82,5.1499999999999995,41.18,37.03,13.34,8.45
41051001102,Census Tract 11.02,1640,5119.201,0.320362488165968,1362,20,42,152,0,14,50,83.05,1.22,2.56,9.27,0,0.85,3.05,0,143,281,492,170,63,37,0,12.06,23.69,41.48,14.33,5.31,3.12,6.76,69453,11.69,84.11,23.39,40.48,17.09,0,2.25,9.75,19.49,37700,0.4804,47.98,1045,35.55,21.29,21.740000000000002,21.45,50.3,27.6,11.2,10.9
41051001201,Census Tract 12.01,5131,14326.43,0.35814914972579,4630,64,25,134,0,140,138,90.24,1.25,0.49,2.61,0,2.73,2.69,35,273,1428,1790,484,196,85,0.82,6.36,33.28,41.72,11.28,4.57,1.98,4.08,45427,8.37,86.7,26.8,22.77,10.33,0.78,1.6,9,8.69,33740,0.469,14.98,997,44.06,25.93,23.32,6.6899999999999995,41.86,37.71,13.62,6.81
41051001202,Census Tract 12.02,3521,9763.557,0.360626767382706,3076,14,2,253,0,59,117,87.36,0.4,0.06,7.19,0,1.68,3.32,57,239,496,1126,501,175,125,2.1,8.79,18.24,41.41,18.43,6.44,4.6,4.72,78125,14.29,82.53,14.81,40.97,21.3,1.43,1.75,17.08,11.49,49136,0.4533,60.71,1100,24.67,24.54,20.33,30.46,38.03,36.58,15.67,9.72
41051001301,Census Tract 13.01,3950,13733.79,0.287611757274551,3420,33,3,160,0,43,291,86.58,0.84,0.08,4.05,0,1.09,7.37,62,250,716,1217,643,152,50,2.01,8.09,23.17,39.39,20.81,4.92,1.62,2.89,63208,9.13,84.61,20.95,36.78,11.49,3.79,2.25,6.54,6.21,41990,0.4544,39.58,1070,31.879999999999995,23.2,21.5,23.42,33.89,40.59,12.53,12.99
41051001302,Census Tract 13.02,3240,11070.71,0.29266429033648,2890,13,0,91,18,79,149,89.2,0.4,0,2.81,0.56,2.44,4.6,38,207,606,853,410,200,85,1.58,8.63,25.26,35.56,17.09,8.34,3.54,4.32,86288,7.79,85.98,25.93,33.64,12.54,0,3.5,12.54,6.93,41986,0.3712,69.16,1339,16.35,24.689999999999998,29.67,29.28,27.93,47.61,8.14,16.33
41051001400,Census Tract 14,5420,11548.63,0.469319548970883,4568,235,56,287,0,26,248,84.28,4.34,1.03,5.3,0,0.48,4.58,109,345,934,1552,961,228,118,2.57,8.12,21.99,36.54,22.63,5.37,2.78,7.21,75777,16.46,81.14,18.19,39.27,18.35,1.39,4.41,14.07,13.31,41576,0.4323,56.24,1114,27.47,21.46,27.93,23.14,20.24,48.66,19.729999999999997,11.36
41051001500,Census Tract 15,3441,9085.667,0.378728395652798,3234,5,30,80,0,17,75,93.98,0.15,0.87,2.32,0,0.49,2.18,28,246,509,897,463,298,104,1.1,9.67,20,35.25,18.19,11.71,4.09,5.14,87991,13.78,83.61,22.04,40.61,17.04,0,2.54,16.97,10.3,50170,0.4528,73.46,1112,18.93,23.78,23.42,33.870000000000005,24.72,50.78,14.68,9.82
41051001601,Census Tract 16.01,5787,5227.567,1.10701593984219,4964,38,35,460,6,127,157,85.78,0.66,0.6,7.95,0.1,2.19,2.71,288,572,1283,1222,962,144,25,6.41,12.72,28.54,27.18,21.4,3.2,0.56,5.6,67125,22.37,73.66,17.89,37.92,35.74,1.15,1.82,22.25,13.84,45189,0.499,68.15,989,30.7,24.55,22.689999999999998,22.05,33.55,38.17,17.48,10.8
41051001602,Census Tract 16.02,4589,7133.095,0.643339274158799,3145,328,28,733,91,24,240,68.53,7.15,0.61,15.97,1.98,0.52,5.23,574,873,1285,655,171,60,25,15.76,23.96,35.27,17.98,4.69,1.65,0.69,11.43,46184,17.92,79.06,15.6,16.07,25.17,10.38,4.52,17.98,13.34,22225,0.4126,66.13,1138,41.06,33.459999999999994,18.39,7.069999999999999,33.21,40.42,22.71,3.65
41051001701,Census Tract 17.01,7438,9513.357,0.781848024006289,5548,289,104,694,241,58,504,74.59,3.89,1.4,9.33,3.24,0.78,6.78,211,1e3,1676,1919,580,39,37,3.86,18.31,30.68,35.13,10.62,0.71,0.68,7.01,62500,9.25,90.4,22.44,32.39,18.51,7.6,2.87,14.61,12.22,30355,0.3801,58.36,968,23.31,41.68000000000001,22.55,12.459999999999999,25.65,51.519999999999996,20.36,2.48
41051001702,Census Tract 17.02,4463,8529.933,0.523216323782195,3138,232,141,534,7,135,276,70.31,5.2,3.16,11.97,0.16,3.02,6.18,238,636,1144,799,291,19,9,7.59,20.28,36.48,25.48,9.28,0.61,0.29,15.66,49574,13.95,85.48,10.17,22.84,20.86,8,6.08,13.44,17.4,23421,0.3854,52.34,1133,38.120000000000005,30.46,22.72,8.700000000000001,31.29,52.8,11.02,4.89
41051001801,Census Tract 18.01,4440,9838.536,0.451286646887939,3765,86,114,267,0,41,167,84.8,1.94,2.57,6.01,0,0.92,3.76,207,648,1149,1030,325,97,132,5.77,18.06,32.02,28.71,9.06,2.7,3.68,11.42,55423,21.51,75.36,13.38,16.6,25.36,4.57,6.21,8.61,14.05,30222,0.4227,45.09,847,38.7,33.3,20.11,7.89,37.629999999999995,45.75,13.200000000000001,3.42
41051001802,Census Tract 18.02,3603,8617.063,0.418123944975807,3180,34,2,181,0,27,179,88.26,0.94,0.06,5.02,0,0.75,4.97,104,342,782,1071,434,90,84,3.58,11.76,26.9,36.84,14.93,3.1,2.89,5.35,56318,20.45,74.14,18.85,33.47,29.96,4.64,2.32,14.92,7.97,36958,0.4415,47.38,918,39.769999999999996,18.25,24.85,17.119999999999997,35.66,45.34,11.299999999999999,7.7
41051001900,Census Tract 19,4895,7115.116,0.687971913383382,4414,57,0,200,0,9,215,90.17,1.16,0,4.09,0,0.18,4.39,8,194,522,1282,826,426,159,0.23,5.68,15.28,37.52,24.17,12.47,4.65,6.27,109958,19.95,76,19.84,44.68,27.27,0.42,0.99,21.56,8.88,55018,0.4411,83.9,1039,22.28,11.370000000000001,21.4,44.940000000000005,40.71,40.36,7.6899999999999995,11.24
41051002e3,Census Tract 20,6306,11215.91,0.562236967893288,5450,99,70,319,0,66,302,86.43,1.57,1.11,5.06,0,1.05,4.79,79,390,1613,2372,714,156,59,1.47,7.25,29.96,44.06,13.26,2.9,1.1,7.06,49265,9.67,85.42,15.3,26.03,11.72,0.5,0.9,4.38,9.92,35167,0.429,26.4,1030,39.459999999999994,27.07,21.36,12.1,40.36,40.06,10.600000000000001,8.99
41051002100,Census Tract 21,2291,3686.185,0.621509829389171,1918,112,50,85,0,4,122,83.72,4.89,2.18,3.71,0,0.17,5.33,104,295,420,608,309,58,35,5.69,16.13,22.96,33.24,16.89,3.17,1.91,5.38,42838,12.78,84.05,10.87,13.1,12.46,1.75,1.43,8.02,7.46,31028,0.4172,13.25,963,47.54,32.54,12.39,7.539999999999999,38.97,39.55,15.080000000000002,6.41
41051002203,Census Tract 22.03,3555,6525.874,0.54475464751188,2801,374,33,66,0,22,259,78.79,10.52,0.93,1.86,0,0.62,7.29,166,388,723,977,422,133,75,5.76,13.45,25.07,33.88,14.63,4.61,2.6,6.02,55743,21.78,73.36,24.94,24.03,24.03,9.83,5.22,9.89,8.37,37315,0.5027,35.13,924,43.08,16.2,22.15,18.57,40.56,40.61,9.74,9.1
41051002303,Census Tract 23.03,2209,2900.534,0.761583837454073,1675,225,8,134,0,13,154,75.83,10.19,0.36,6.07,0,0.59,6.97,80,164,727,552,272,48,18,4.3,8.81,39.07,29.66,14.62,2.58,0.97,14.79,41212,42.74,55.99,6.36,34.13,34.13,4.12,1.2,20.81,16.47,32503,0.4695,13.47,1106,48.78999999999999,27.020000000000003,14,10.18,34.77,40.34,18.1,6.79
41051002401,Census Tract 24.01,2821,8669.177,0.325405754775698,2630,94,15,61,0,0,21,93.23,3.33,0.53,2.16,0,0,0.74,73,83,410,507,625,235,165,3.48,3.96,19.54,24.17,29.79,11.2,7.86,4.96,130223,9.54,82.85,30.01,42.87,20.21,0.7,1.4,17.76,5.16,65329,0.4306,79.53,1541,14,15.129999999999999,20.65,50.21,47.15,30.580000000000002,7.9,14.37
41051002402,Census Tract 24.02,3455,10189.23,0.339083424324746,2776,291,14,210,0,0,164,80.35,8.42,0.41,6.08,0,0,4.75,46,377,783,1103,479,224,186,1.44,11.79,24.48,34.49,14.98,7,5.82,3.58,50941,32.5,64.17,12.51,28.39,31.1,4.49,2.32,12.26,9.22,43162,0.4966,23.23,1193,39.4,29.019999999999996,15.11,16.46,56.629999999999995,29.81,6.75,6.8
41051002501,Census Tract 25.01,4699,9092.986,0.516771892379424,4202,58,8,160,10,6,255,89.42,1.23,0.17,3.4,0.21,0.13,5.43,47,213,569,1068,769,461,170,1.43,6.46,17.26,32.39,23.32,13.98,5.16,3.65,121429,13.55,82.37,22.68,49.89,27.04,1.42,1.08,20.69,9.41,55489,0.3823,88.1,1794,10.989999999999998,15.809999999999999,24.72,48.480000000000004,47.61,36.28,4.82,11.29
41051002502,Census Tract 25.02,4398,10371.81,0.424034010968391,3883,131,23,156,0,46,159,88.29,2.98,0.52,3.55,0,1.05,3.62,102,325,725,1512,621,266,92,2.8,8.92,19.9,41.5,17.05,7.3,2.53,4.68,60801,17.31,79.47,21.84,31.5,19.94,2.15,1.37,12.24,10.58,46434,0.5008,34.08,1080,29.740000000000002,27.799999999999997,22.04,20.43,43.75,39.83,8.21,8.21
41051002600,Census Tract 26,2899,7373.984,0.393138887129979,2684,61,0,61,0,9,84,92.58,2.1,0,2.1,0,0.31,2.9,34,125,436,736,475,157,106,1.64,6.04,21.07,35.57,22.96,7.59,5.12,2.8,110781,14.97,78.6,21.85,43.25,27.09,5.6,0,15.79,9.73,51974,0.4211,83.75,1559,17.080000000000002,16.53,19.93,46.47,34.72,43.269999999999996,10.899999999999999,11.11
41051002701,Census Tract 27.01,3424,9715.186,0.352437926353327,3011,21,8,162,0,24,198,87.94,0.61,0.23,4.73,0,0.7,5.78,26,157,547,961,564,174,85,1.03,6.25,21.76,38.23,22.43,6.92,3.38,6.35,112065,10.94,84.93,19.61,50,24.15,4.7,4.7,17.02,15.64,55995,0.4394,91.9,2157,14.75,14.84,24.07,46.36,42.019999999999996,36.74,9.16,12.09
41051002702,Census Tract 27.02,2951,8917.271,0.330930876899816,2425,257,14,30,0,67,158,82.18,8.71,0.47,1.02,0,2.27,5.35,64,284,710,719,406,79,64,2.75,12.21,30.52,30.91,17.45,3.4,2.75,9.02,48971,29.73,66.13,15.8,25.71,29.73,8.61,2.2,18.52,9.52,40015,0.5129,37.31,872,44.43,18.259999999999998,13.74,23.57,40.79,38.89,5.9799999999999995,14.34
41051002801,Census Tract 28.01,3007,8492.236,0.354088127049237,2735,0,1,136,0,33,102,90.95,0,0.03,4.52,0,1.1,3.39,30,155,574,866,499,91,77,1.31,6.76,25.04,37.78,21.77,3.97,3.36,4.46,88750,15.11,82.07,19.94,41.32,20.82,1.53,0.64,18.73,7.07,40721,0.3436,76.37,1111,19.29,20.569999999999997,27.65,32.480000000000004,39.53,39.71,10.85,9.91
41051002802,Census Tract 28.02,3149,8299.495,0.379420676852557,2814,75,10,122,0,9,119,89.36,2.38,0.32,3.87,0,0.29,3.78,66,249,729,750,454,63,59,2.78,10.51,30.76,31.65,19.16,2.66,2.49,3.26,70663,13.34,80.7,19.82,23.99,19.6,2.68,3.87,16.24,8.87,41918,0.3935,68.63,1122,17.21,35.92,21.02,25.86,31.93,46.41,14.27,7.39
41051002901,Census Tract 29.01,4339,7315.531,0.593121666972974,3848,18,28,246,0,73,126,88.68,0.41,0.65,5.67,0,1.68,2.9,189,550,898,1030,673,90,31,5.46,15.89,25.95,29.76,19.45,2.6,0.9,6.97,63669,19.24,75.9,22.44,30.06,23.7,3.31,1.75,13.08,10.02,37664,0.4157,70.64,1264,30.81,28.560000000000002,24.299999999999997,16.33,28.8,46.41,14.47,10.31
41051002902,Census Tract 29.02,5257,5406.901,0.972275933324788,4302,136,28,454,0,131,206,81.83,2.59,0.53,8.64,0,2.49,3.92,193,809,1325,1094,424,145,45,4.78,20.05,32.84,27.11,10.51,3.59,1.12,8.15,53292,11.6,84.16,17.03,22.13,18.43,2.1,2.22,14.48,10.12,30730,0.3848,58.7,1e3,36.2,32.13,21.47,10.21,34.34,33.92,21.130000000000003,10.6
41051002903,Census Tract 29.03,5779,5135.889,1.12521911298431,3802,745,49,1049,0,59,75,65.79,12.89,0.85,18.15,0,1.02,1.3,255,715,1715,872,296,60,37,6.46,18.1,43.42,22.08,7.49,1.52,0.94,8.68,59006,15.26,82.98,18.16,22.49,25.11,6.56,2.81,14.46,16.55,27735,0.4191,64.86,1218,33.38,28.910000000000004,23.96,13.74,35.28,43.59,16.2,4.93
41051003e3,Census Tract 30,4936,7831.505,0.630274734863636,4219,234,0,239,18,37,189,85.47,4.74,0,4.84,0.36,0.75,3.83,70,378,994,1291,754,186,90,1.86,10.05,26.42,34.31,20.04,4.94,2.39,4.53,98889,13.16,81.17,23.27,39.34,22.7,5.1,2.5,15.97,11.79,43282,0.3374,83.42,1259,15.099999999999998,20.049999999999997,30.46,34.39,29.75,46.86,9.799999999999999,13.58
41051003100,Census Tract 31,4980,10037.23,0.496152877928392,4253,149,20,220,0,106,232,85.4,2.99,0.4,4.42,0,2.13,4.66,80,314,769,1714,564,215,126,2.12,8.3,20.33,45.32,14.91,5.68,3.33,7.04,89826,12.42,82.48,29.21,27.56,16.43,0.88,3.86,13.24,13.29,44302,0.4279,68.26,1196,18.130000000000003,22.31,32.15,27.4,34.27,43.27,11.58,10.87
41051003200,Census Tract 32,3979,8996.578,0.44227926924758,3286,365,27,60,0,11,230,82.58,9.17,0.68,1.51,0,0.28,5.78,54,202,609,1244,582,259,107,1.77,6.61,19.92,40.69,19.04,8.47,3.5,4.22,88882,11.27,81.41,26.87,31.02,19.13,1.52,3.17,12.92,10.42,49791,0.4544,72.21,1288,25.48,16.7,22.299999999999997,35.53,30.48,45.489999999999995,12.940000000000001,11.09
41051003301,Census Tract 33.01,3375,11790.9,0.286237619633759,2509,386,107,57,0,9,307,74.34,11.44,3.17,1.69,0,0.27,9.1,219,338,542,925,464,68,10,8.53,13.17,21.12,36.05,18.08,2.65,0.39,6.73,70341,19.49,78.87,17.94,24.57,18.43,6.55,3.6,6.63,6.31,29607,0.426,52.42,1228,34.22,18.259999999999998,28.74,18.75,27.29,55.13,13.33,4.26
41051003302,Census Tract 33.02,3012,11103.33,0.271269982718067,2232,490,8,92,0,34,156,74.1,16.27,0.27,3.05,0,1.13,5.18,152,282,597,851,416,33,14,6.48,12.03,25.46,36.29,17.74,1.41,0.6,5.11,64316,12.55,85.52,21.17,33.56,14.56,2.76,0.92,3.93,9.46,33161,0.4128,59.25,1326,27.939999999999998,29.369999999999997,25.52,17.16,27.68,40.61,20.73,10.97
41051003401,Census Tract 34.01,3690,10014.17,0.368477769008968,2499,750,0,125,0,64,252,67.72,20.33,0,3.39,0,1.73,6.83,153,267,546,926,419,94,19,6.31,11.01,22.52,38.2,17.29,3.88,0.78,4.68,59413,11.61,85.54,17.18,25.66,11.88,2.51,4.28,8.08,11.68,33238,0.4459,51.66,955,34.01,24.85,16.63,24.51,37.78,40.08,10.270000000000001,11.87
41051003402,Census Tract 34.02,3708,12419.31,0.298567406489914,2754,640,0,43,0,36,235,74.27,17.26,0,1.16,0,0.97,6.34,88,261,756,1315,434,84,35,2.96,8.78,25.43,44.23,14.6,2.83,1.18,4.01,70972,13.6,85.19,10.74,20.34,14.3,7.18,5.47,3.05,1.53,34759,0.4128,36.36,1293,27.720000000000002,24.86,32.230000000000004,15.190000000000001,39.15,38.64,12.629999999999999,9.58
41051003501,Census Tract 35.01,3642,7337.459,0.496357125978962,2795,396,6,159,0,141,145,76.74,10.87,0.16,4.37,0,3.87,3.98,259,345,767,995,367,85,74,8.96,11.93,26.52,34.41,12.69,2.94,2.56,6.3,52674,13.48,80.31,17.87,19.37,20.63,4.89,4.89,11.16,13.48,34637,0.4702,45.71,1019,41.99999999999999,16.61,22.19,19.18,34.38,44.95,12.44,8.23
41051003502,Census Tract 35.02,2285,4882.19,0.46802765109336403,1915,167,2,105,0,0,96,83.81,7.31,0.09,4.6,0,0,4.2,39,194,484,549,370,113,56,2.16,10.75,26.81,30.42,20.5,6.26,3.1,5.78,90515,12.65,85.57,15.98,36.18,20.2,3.33,1.78,13.32,5.66,42818,0.4366,63.93,1349,24.759999999999998,19.54,25.09,30.630000000000003,50.32,29.31,12.44,7.93
41051003601,Census Tract 36.01,4730,7498.981,0.6307523432541,3244,1069,77,46,0,73,221,68.58,22.6,1.63,0.97,0,1.54,4.67,100,601,1020,1223,635,123,52,2.66,16.01,27.17,32.58,16.92,3.28,1.39,8.71,65134,9.79,85.66,18.95,19.78,17.92,3.52,2.9,13.72,10.98,34682,0.4347,66.49,1233,28.27,31.439999999999998,22.73,17.560000000000002,35.309999999999995,44.05,14.829999999999998,5.81
41051003602,Census Tract 36.02,6971,8148.178,0.855528674264128,4971,1311,27,107,7,77,471,71.31,18.81,0.39,1.53,0.1,1.1,6.76,221,706,1363,1693,663,63,148,4.55,14.54,28.06,34.86,13.65,1.3,3.05,8.65,86613,15.56,81.97,11.17,26.13,28.73,3.32,5.58,22.63,13.85,32892,0.3455,71.06,1402,18.55,26.419999999999998,29.33,25.7,26.93,42.41,20.08,10.58
41051003603,Census Tract 36.03,1593,4478.258,0.355718636534223,1059,268,6,107,0,0,153,66.48,16.82,0.38,6.72,0,0,9.6,27,175,393,365,219,34,30,2.17,14.08,31.62,29.36,17.62,2.74,2.41,8.1,65347,15.25,79.35,18.34,27.58,23.57,3.24,6.16,24.35,22.5,35824,0.4062,78.27,1389,28.5,31.59,17.41,22.49,23.64,47.39,17.2,11.76
41051003701,Census Tract 37.01,4042,7091.849,0.569950131043078,2500,677,37,357,0,129,342,61.85,16.75,0.92,8.83,0,3.19,8.46,189,592,816,993,312,63,86,6.19,19.4,26.75,32.55,10.23,2.06,2.82,8.78,49464,17.6,78.54,21.17,16.49,23.27,4.8,2.28,7.25,11.4,27460,0.4198,49.77,920,41.7,26.259999999999998,20.82,11.23,44.52,31.5,20.26,3.73
41051003702,Census Tract 37.02,2733,8336.096,0.327851325952089,2283,313,0,36,10,0,91,83.53,11.45,0,1.32,0.37,0,3.33,93,181,626,1024,243,65,51,4.07,7.93,27.42,44.85,10.64,2.85,2.23,8.99,75804,17.96,74.19,20.02,30.23,20.51,4.32,3.43,13.05,14.82,38438,0.4998,63.3,1246,33.46,16.1,23.85,26.6,34.35,46.260000000000005,14.46,4.93
41051003801,Census Tract 38.01,2944,6161.969,0.477769395070556,2237,159,0,147,105,61,235,75.99,5.4,0,4.99,3.57,2.07,7.98,171,196,821,619,372,38,25,7.63,8.74,36.62,27.61,16.59,1.69,1.12,4.89,50897,14.82,82.96,11,25.44,17.19,3.13,3.06,11.08,11.76,28836,0.432,56.46,1010,38.730000000000004,28.73,21.01,11.53,40.510000000000005,43.010000000000005,11.37,5.13
41051003802,Census Tract 38.02,3475,8115.951,0.428169165262542,2843,81,13,134,45,203,156,81.81,2.33,0.37,3.86,1.29,5.84,4.49,158,318,836,729,405,89,49,6.11,12.31,32.35,28.21,15.67,3.44,1.9,6.81,76705,11.97,85.33,15.11,23.72,15.62,4.38,1.82,12.92,13.8,34851,0.3593,62.12,1538,19.85,26.86,37.3,15.98,36.660000000000004,41.71,17.53,4.1
41051003803,Census Tract 38.03,4362,9175.604,0.475391005672613,3249,549,34,218,10,82,220,74.48,12.59,0.78,5,0.23,1.88,5.04,333,435,1172,1025,324,57,33,9.85,12.87,34.68,30.33,9.59,1.69,0.98,8.26,61953,18.12,79.38,15.57,20.92,20.2,4.22,6.48,10.64,12.42,31510,0.4618,56.39,1100,30.789999999999996,30.009999999999998,24.84,14.379999999999999,47.21,33.08,14.18,5.54
41051003901,Census Tract 39.01,7677,7886.173,0.973475938884659,5510,1381,0,458,0,89,239,71.77,17.99,0,5.97,0,1.16,3.11,788,906,2014,1113,387,200,29,14.49,16.66,37.04,20.47,7.12,3.68,0.53,7.19,61084,17.37,80.04,7.78,15.52,19.19,7.57,6.48,12.89,14.47,25943,0.3806,69.39,956,32.74,29.810000000000002,27.21,10.219999999999999,33.42,37.76,24.07,4.74
41051003902,Census Tract 39.02,3382,7741.358,0.436874224899884,2811,198,0,183,16,21,153,83.12,5.85,0,5.41,0.47,0.62,4.52,57,387,650,916,264,105,83,2.32,15.72,26.4,37.21,10.72,4.26,3.37,2.08,71094,12.45,81.48,23.04,27.78,20,2.8,4.67,11.83,13.54,33504,0.3875,80.47,1221,22.650000000000002,29.82,29.339999999999996,18.21,27.14,48.8,15.829999999999998,8.23
41051004001,Census Tract 40.01,8333,11734.77,0.710112170403878,5548,1570,169,148,251,99,548,66.58,18.84,2.03,1.78,3.01,1.19,6.58,784,1334,1373,1023,259,63,44,16.07,27.34,28.14,20.96,5.31,1.29,0.9,16.02,37667,19.82,78.08,10.33,12.8,20.15,6.79,5.24,9.89,10.15,16954,0.4439,41.92,926,52.06999999999999,26.709999999999997,16.310000000000002,4.91,29.05,43.33,22.660000000000004,4.95
41051004002,Census Tract 40.02,6387,6717.448,0.950807494088776,5114,129,42,385,112,55,550,80.07,2.02,0.66,6.03,1.75,0.86,8.61,142,616,783,669,487,31,115,4.99,21.67,27.54,23.53,17.13,1.09,4.05,10.31,59508,18.12,77.83,13.94,25.86,23.1,3.81,5.34,18.55,12.84,23426,0.4242,60.75,1418,31.89,28.44,16.96,22.73,45.379999999999995,34.25,12.389999999999999,7.99
41051004101,Census Tract 41.01,7338,2666.287,2.75214170876467,5487,571,119,277,226,135,523,74.78,7.78,1.62,3.77,3.08,1.84,7.13,780,1059,1606,1080,377,69,77,15.45,20.98,31.81,21.39,7.47,1.37,1.53,10.41,61806,20.45,79.55,12.8,19.74,22.17,9.62,4.4,12.26,9.51,24794,0.3655,58.63,946,35.269999999999996,27.07,30.11,7.539999999999999,25.47,52.019999999999996,18.37,4.15
41051004102,Census Tract 41.02,5175,6980.292,0.741372933002006,4235,142,60,276,218,184,60,81.84,2.74,1.16,5.33,4.21,3.56,1.16,411,658,1351,971,515,27,38,10.35,16.57,34.02,24.45,12.97,0.68,0.96,6.77,52034,20.61,74.08,13.8,24.18,23.15,3.38,3.94,15.26,8.87,28900,0.4444,66.53,1049,38.21,26.520000000000003,24.270000000000003,10.98,26.340000000000003,52.16,15.780000000000001,5.73
41051004200,Census Tract 42,3438,4620.577,0.744062906855167,2867,182,10,74,0,152,153,83.39,5.29,0.29,2.15,0,4.42,4.45,142,439,617,795,351,48,78,5.75,17.77,24.98,32.19,14.21,1.94,3.16,5,47089,18.09,80.7,13.81,18.64,17.13,7.96,1.63,8.08,6.51,30354,0.432,46.86,897,42.22,26.11,22.92,8.74,26.87,47.97,19.55,5.6
41051004300,Census Tract 43,1062,110.5014,9.61073873701345,921,10,15,53,0,8,55,86.72,0.94,1.41,4.99,0,0.75,5.18,6,150,269,225,130,41,33,0.7,17.56,31.5,26.35,15.22,4.8,3.86,3.58,92159,15.29,79.41,17.41,33.33,28.24,0,2.76,14.44,13.8,53056,0.4301,84.08,1329,20.18,19.96,22.09,37.79,18.32,52.599999999999994,18.32,10.77
41051004500,Census Tract 45,2148,3621.364,0.593146763614349,1882,0,32,87,17,22,108,87.62,0,1.49,4.05,0.79,1.02,5.03,57,140,290,596,271,195,102,3.45,8.48,17.57,36.1,16.41,11.81,6.18,1.27,67159,14.51,80.41,17.63,23.42,17.72,1.87,0.71,9.88,6.5,63077,0.5391,41.67,1081,29.119999999999997,24.75,17.810000000000002,28.32,36.85,37.8,9.18,16.17
41051004601,Census Tract 46.01,3195,2331.433,1.37040210224912,2844,8,36,150,0,20,137,89.01,0.25,1.13,4.69,0,0.63,4.29,51,131,273,1140,521,420,116,1.92,4.94,10.29,42.99,19.65,15.84,4.37,2.16,107344,22.08,74.56,22.08,53.93,32.36,0.51,0,14.02,3.43,82356,0.4558,76.78,1086,14.27,19.41,20.43,45.870000000000005,43,34.06,4.75,18.19
41051004602,Census Tract 46.02,2046,3740.145,0.547037669672601,1872,0,0,79,0,19,76,91.5,0,0,3.86,0,0.93,3.71,43,27,186,486,439,234,83,2.87,1.8,12.42,32.44,29.31,15.62,5.54,5.71,136058,16.19,77.73,29.05,57.86,22.39,0,0.8,14.7,8.84,99309,0.541,84.73,1240,17.68,12.510000000000002,14.81,55,54.67,24.34,6.19,14.81
41051004700,Census Tract 47,4782,17570.18,0.272165739764045,4326,54,1,170,0,146,85,90.46,1.13,0.02,3.55,0,3.05,1.78,26,243,654,1748,879,385,256,0.62,5.8,15.6,41.71,20.97,9.19,6.11,5.32,78750,9.32,88.38,10.62,36.12,13.27,1.88,4.33,6.52,7.86,79946,0.5889,28.91,1116,30.330000000000002,18.52,24.43,26.72,39.25,42.379999999999995,10.280000000000001,8.09
41051004800,Census Tract 48,2959,25796.05,0.114707481270183,2468,42,54,35,0,54,306,83.41,1.42,1.82,1.18,0,1.82,10.34,85,74,522,1334,411,100,133,3.2,2.78,19.63,50.17,15.46,3.76,5,6.13,42060,22.67,76.22,14.98,18.12,16.19,7.64,1.5,7.64,11.74,51088,0.5715,18.9,1017,46.49,23.83,14.600000000000001,15.080000000000002,49.46,31.81,10.61,8.12
41051004900,Census Tract 49,3534,16774.95,0.210671246353265,2777,265,0,197,7,51,237,78.58,7.5,0,5.57,0.2,1.44,6.71,46,374,787,1250,484,153,101,1.44,11.71,24.63,39.12,15.15,4.79,3.16,7.21,36979,30.09,67.17,11.09,22.52,27.62,4.44,4.48,8.38,13.94,43425,0.5342,12.86,924,52.669999999999995,20.28,16.759999999999998,10.28,37.05,43.849999999999994,15.75,3.35
41051005e3,Census Tract 50,2929,10225.79,0.286432601232129,2573,37,0,268,0,0,51,87.85,1.26,0,9.15,0,0,1.74,41,40,409,1282,491,277,109,1.55,1.51,15.44,48.4,18.54,10.46,4.11,6.92,97095,7.79,88.63,16.36,29.44,9.5,0.99,0.52,3.48,9.92,75490,0.434,31.41,1664,19.64,19.42,29.59,31.36,41.900000000000006,38.18,7.179999999999999,12.73
41051005100,Census Tract 51,7444,17520.99,0.424861814031571,6237,424,18,321,0,136,308,83.79,5.7,0.24,4.31,0,1.83,4.14,203,527,1743,2292,1450,377,121,3.02,7.85,25.96,34.14,21.6,5.62,1.8,8.31,57417,25.25,73.18,12.39,25.19,27.22,5.13,2.69,12.78,3.63,62186,0.5537,27.92,984,44.11,12.72,19.84,23.340000000000003,41.29,32.25,14.46,12
41051005200,Census Tract 52,4505,18610.54,0.24206714471264,3688,199,22,293,18,80,205,81.86,4.42,0.49,6.5,0.4,1.78,4.55,144,328,1121,1259,533,125,230,3.85,8.77,29.97,33.66,14.25,3.34,6.15,8.75,37441,24.47,74.08,10.99,20.49,17.55,5.37,5.14,7.01,8.76,38617,0.5027,11.34,979,51.81,23.73,15.26,9.21,36.22,32.93,19.13,11.71
41051005500,Census Tract 55,2759,19105.03,0.144412252103099,1929,118,0,503,0,32,177,69.92,4.28,0,18.23,0,1.16,6.42,94,241,500,603,295,148,40,4.89,12.55,26.03,31.39,15.36,7.7,2.08,14.15,19331,33.29,64.8,9.49,15.04,25.06,12.59,2.98,3.64,17.42,26168,0.5964,17.24,781,70.34,10.68,11.940000000000001,7.04,47.53,34.25,14.339999999999998,3.87
41051005600,Census Tract 56,5509,28994.13,0.190003969130359,4054,190,26,715,75,108,341,73.59,3.45,0.47,12.98,1.36,1.96,6.19,121,122,926,933,621,78,142,4.11,4.15,31.46,31.7,21.1,2.65,4.83,18.32,30157,29.41,63.59,11.92,18.52,20.19,6.68,4.33,8.27,21.7,23955,0.5382,9.82,1076,62.089999999999996,18.81,13.95,5.17,56.07,28.73,9.76,5.43
41051005700,Census Tract 57,4072,8952.592,0.454840331306554,3110,88,32,316,0,162,364,76.38,2.16,0.79,7.76,0,3.98,8.94,89,254,667,1228,682,192,107,2.76,7.89,20.72,38.15,21.19,5.96,3.32,9.79,58816,16.27,80.43,9.85,36.84,19.57,0,2.25,12.43,16.85,47630,0.4474,28.2,1473,30.200000000000003,32.67,21.439999999999998,15.68,48.61,34.69,8.930000000000001,7.76
41051005800,Census Tract 58,5004,3409.891,1.46749560229623,4180,170,1,476,1,47,129,83.53,3.4,0.02,9.51,0.02,0.94,2.58,21,148,500,1304,758,639,345,0.57,3.98,13.46,35.1,20.4,17.2,9.29,9.61,100598,24.69,72.44,11.17,46.78,24.61,1.31,3.2,19.51,11.42,69201,0.5342,60.47,1199,29.84,10.399999999999999,22.46,37.29,53.730000000000004,36.77,5.92,3.58
41051005900,Census Tract 59,7728,7668.775,1.00772281570417,6209,124,77,459,20,210,629,80.34,1.6,1,5.94,0.26,2.72,8.14,115,292,1461,2568,1273,699,240,1.73,4.39,21.98,38.63,19.15,10.51,3.61,4.57,83219,20.71,75.18,16.39,41,23.26,2.8,1.26,12.8,9.31,59875,0.4614,36.64,1478,23.189999999999998,24.8,23.3,28.7,37.8,42.660000000000004,13.709999999999999,5.84
41051006001,Census Tract 60.01,1498,2134.443,0.701822556706826,1341,43,0,66,0,0,48,89.52,2.87,0,4.41,0,0,3.2,14,31,214,457,188,166,94,1.2,2.66,18.38,39.26,16.15,14.26,8.08,3.78,105357,17.51,78.74,16.84,38.5,25,1.47,1.87,10.03,9.36,76829,0.5228,57.62,1183,24.47,14.709999999999999,19.119999999999997,41.709999999999994,46.099999999999994,37.29,9.38,7.23
41051006002,Census Tract 60.02,2325,4530.724,0.513162995349785,1957,105,3,132,0,13,115,84.17,4.52,0.13,5.68,0,0.56,4.95,13,155,380,645,298,135,92,0.76,9.02,22.12,37.54,17.35,7.86,5.36,5.98,97833,22,74.48,15.5,45.87,29.44,5.48,4.03,23.14,11.36,46925,0.395,67.67,1088,19.95,16.130000000000003,28,35.949999999999996,43.71,41.18,8.27,6.84
41051006100,Census Tract 61,2215,3518.764,0.629482453200555,2085,14,6,38,0,21,51,94.13,0.63,0.27,1.72,0,0.95,2.3,10,83,235,623,413,181,112,0.6,5.01,14.18,37.6,24.92,10.92,6.76,7.25,106023,20.81,75.13,23.31,45.58,25.81,3.43,1.04,22.48,13.42,57514,0.4457,78.25,1174,21.750000000000004,15.190000000000001,23.52,39.54,37.09,44.379999999999995,8.26,10.28
41051006200,Census Tract 62,3250,4747.937,0.684507804669365,2909,107,9,10,14,21,180,89.51,3.29,0.28,0.31,0.43,0.65,5.54,27,148,635,1045,374,194,81,1.08,5.91,25.36,41.73,14.94,7.75,3.23,8.79,93631,9.42,85.49,16.6,38.22,27.45,0.22,1.8,19.07,10.02,49700,0.4099,77.86,1353,13.39,23.41,32.16,31.04,38.67,44.21,7,10.12
41051006300,Census Tract 63,5164,1649.087,3.13142918036686,4357,34,4,292,22,92,363,84.37,0.66,0.08,5.65,0.43,1.78,7.03,37,124,570,966,598,343,144,1.33,4.46,20.49,34.72,21.5,12.33,5.18,8.78,105e3,11.48,84.96,24.56,45.75,25.38,2.16,1.4,16.37,10.03,58844,0.5356,83.44,1450,14.459999999999999,19.86,24.05,41.62,43.64,41.05,6.51,8.8
41051006402,Census Tract 64.02,5687,2539.733,2.23921191912858,5129,0,17,161,0,63,317,90.19,0,0.3,2.83,0,1.11,5.57,54,228,848,1535,634,561,136,1.35,5.71,21.22,38.41,15.87,14.04,3.4,3.36,126484,6.92,87.7,19.32,45.13,18.11,3.34,1.5,15.4,7.02,59873,0.3924,91.09,1757,7.599999999999999,12.93,28.09,51.379999999999995,31.43,50.620000000000005,10.690000000000001,7.26
41051006403,Census Tract 64.03,3974,5427.351,0.73221729212645,3003,669,10,123,0,0,169,75.57,16.83,0.25,3.1,0,0,4.25,125,344,971,885,394,31,32,4.49,12.37,34.9,31.81,14.16,1.11,1.15,5.1,56393,18.83,74.27,16.96,24.5,23.68,2.16,2.28,13.1,18.3,32835,0.4514,57.43,1100,38.25000000000001,22.57,24.21,14.969999999999999,32.65,53.480000000000004,9.600000000000001,4.29
41051006404,Census Tract 64.04,3412,3194.449,1.06810263213575,2766,68,9,355,0,54,160,81.07,1.99,0.26,10.4,0,1.58,4.69,54,186,725,948,475,186,192,1.95,6.72,26.21,34.27,17.17,6.72,6.94,6.37,79607,18.31,76.5,21.27,40.06,30.57,3.63,0.6,24.05,11.42,56732,0.4819,66.34,1335,27.91,19.04,21.82,31.240000000000002,45.739999999999995,36.120000000000005,11.129999999999999,7.01
41051006501,Census Tract 65.01,6139,4372.377,1.40404164034737,5594,68,18,143,0,0,316,91.12,1.11,0.29,2.33,0,0,5.15,76,335,1184,1389,927,223,205,1.75,7.72,27.29,32.01,21.36,5.14,4.72,5.69,98818,12.92,84.27,19.53,44.04,27.85,1.71,1.92,20.79,12.55,47535,0.4032,86.32,1513,13.850000000000001,24.310000000000002,25.72,36.14,35.07,43.099999999999994,10.62,11.22
41051006502,Census Tract 65.02,4445,6037.904,0.736182561463605,3764,146,12,284,0,17,222,84.68,3.28,0.27,6.39,0,0.38,4.99,77,185,1010,1111,590,205,128,2.33,5.6,30.55,33.61,17.85,6.2,3.87,6.74,56818,11.6,84.74,16.63,27.71,14.78,1.33,1.47,13.21,9.55,34464,0.4022,47.53,917,31.57,29.47,27.800000000000004,11.170000000000002,37.02,41.18000000000001,15.62,6.18
41051006601,Census Tract 66.01,2500,4110.101,0.608257644436963,2341,28,9,59,0,0,63,93.64,1.12,0.36,2.36,0,0,2.52,38,106,471,775,338,169,80,1.92,5.36,23.82,39.2,17.1,8.55,4.05,4.04,103669,19.44,76.19,20.65,46.51,34.05,1.86,1.12,29.58,9.58,47641,0.3429,75.07,1076,13.870000000000001,25.12,24.93,36.1,29.71,45.19,12.469999999999999,12.63
41051006602,Census Tract 66.02,5534,5655.011,0.978601059155486,5082,34,11,66,88,158,95,91.83,0.61,0.2,1.19,1.59,2.86,1.72,141,432,950,1656,644,123,72,3.51,10.75,23.64,41.21,16.03,3.06,1.79,7.47,59070,14.86,81.52,15.31,31.54,22.51,5.12,3.91,10.4,14.98,35897,0.4419,52.18,1031,34.36,24.68,27.67,13.280000000000001,41.56,42.44,8.95,7.06
41051006701,Census Tract 67.01,3424,4792.741,0.714413734735451,2992,35,28,130,9,42,188,87.38,1.02,0.82,3.8,0.26,1.23,5.49,43,278,597,843,506,75,87,1.77,11.45,24.58,34.71,20.83,3.09,3.58,7.05,82885,23.15,73.52,17.53,34.69,30.62,1.04,0.74,23.82,11.24,37040,0.3612,66.57,1391,22.41,21.970000000000002,25.740000000000002,29.88,42.07,34.41,12.05,11.47
41051006702,Census Tract 67.02,3259,6087.299,0.535376997885704,2655,133,16,77,0,0,378,81.47,4.08,0.49,2.36,0,0,11.6,87,333,672,641,398,104,64,3.78,14.48,29.23,27.88,17.31,4.52,2.78,12.52,63203,15.23,80.21,12.53,34.38,25.12,2.7,4.91,17.51,15.09,33839,0.4333,52.6,1042,34.160000000000004,25.759999999999998,22.2,17.869999999999997,30.990000000000002,42.67,15.99,10.35
41051006801,Census Tract 68.01,2495,4545.792,0.548859299734207,2041,89,26,55,0,118,166,81.8,3.57,1.04,2.2,0,4.73,6.65,179,140,227,655,397,168,74,9.73,7.61,12.34,35.6,21.58,9.13,4.02,11.07,77542,26.61,69.93,21.57,37.54,32.77,9.43,4.58,19.05,6.63,54774,0.5295,59.76,816,34.459999999999994,14.56,15.5,35.49,48.55,31.950000000000003,7.0600000000000005,12.44
41051006802,Census Tract 68.02,3402,3957.427,0.859649542777804,3183,0,1,112,0,0,106,93.56,0,0.03,3.29,0,0,3.12,87,142,347,784,646,157,296,3.54,5.77,14.11,31.88,26.27,6.38,12.04,6.36,99848,18.55,76.83,24.55,57.45,24.55,3.93,2.41,13.38,11.66,61164,0.4899,80,1048,23.370000000000005,12.959999999999999,19.93,43.730000000000004,42.309999999999995,38.96,6.26,12.47
41051006900,Census Tract 69,2913,1593.386,1.82818182941388,2565,8,0,187,0,27,126,88.05,0.27,0,6.42,0,0.93,4.33,34,111,375,803,456,181,99,1.65,5.39,18.21,39,22.15,8.79,4.81,2.63,168816,13.45,80.32,25.36,45.22,24.19,0.72,0.54,15.7,11.73,88873,0.4714,90.52,1613,11.100000000000001,9.74,13.36,65.8,51.599999999999994,29.33,4.48,14.6
41051007e3,Census Tract 70,8427,619.0595,13.6125850776143,6605,77,0,1120,17,73,535,78.38,0.91,0,13.29,0.2,0.87,6.35,86,314,1146,2043,1362,573,360,1.46,5.34,19.48,34.72,23.15,9.74,6.12,4.52,137900,15.85,80.47,20.49,52.09,21.58,2.09,1.5,17.72,11.57,75911,0.4727,79.13,1543,12.58,12.23,21.34,53.870000000000005,30.759999999999998,50.18,9.09,9.98
41051007100,Census Tract 71,2543,50.45833,50.3980250101545,2345,0,15,79,0,28,76,92.21,0,0.59,3.11,0,1.1,2.99,123,328,699,614,155,124,29,5.94,15.83,33.74,29.63,7.48,5.98,1.4,4.37,77208,28.42,59.46,21.99,44.8,34.93,4.43,1.63,25.88,10.95,54523,0.5278,82.35,1865,29.05,18.54,20.18,32.22,17.28,46.64,20.89,15.18
41051007201,Census Tract 72.01,1991,949.169,2.09762439053772,1788,61,10,31,0,28,73,89.8,3.06,0.5,1.56,0,1.41,3.67,150,381,635,406,138,58,18,8.4,21.33,35.55,22.73,7.73,3.25,1.01,5.77,47763,23.9,64.08,17.92,22.67,42.8,3.44,4.34,14.48,9.9,50121,0.5508,84.62,1022,42.21999999999999,18,24.96,14.809999999999999,39.24,38.370000000000005,15.59,6.79
41051007202,Census Tract 72.02,3216,319.1712,10.0760976498733,1822,632,17,400,11,148,186,56.65,19.65,0.53,12.44,0.34,4.6,5.78,309,530,912,455,142,11,12,13.03,22.35,38.46,19.19,5.99,0.46,0.51,3.88,61979,14.05,83.48,18.08,21.04,35.41,3.94,4.03,22.43,9.53,28979,0.3118,67.71,1269,21.61,37.71,31.880000000000003,8.79,25.46,47.55,19.22,7.76
41051007300,Census Tract 73,1506,156.9034,9.5982606869221,979,211,20,25,48,109,114,65.01,14.01,1.33,1.66,3.19,7.24,7.57,253,435,426,78,32,0,0,20.67,35.54,34.8,6.37,2.61,0,0,7.07,39875,11.44,79.6,18.41,18.91,30.35,2.49,2.49,9.45,19.4,9699,0.326,40.8,883,50.26,31.34,15.92,2.49,34.480000000000004,33.620000000000005,24.14,7.76
41051007400,Census Tract 74,3995,7119.675,0.561121132607564,2073,846,46,122,19,77,812,51.89,21.18,1.15,3.05,0.48,1.93,20.33,349,368,847,563,249,30,17,14.4,15.19,34.96,23.24,10.28,1.24,0.7,11.82,36705,21.46,75.96,15.56,23.01,28.98,5.9,10.77,11.28,6.49,18157,0.4763,42.7,929,53.47,21.159999999999997,19.32,6.04,39.77,34.15,21.25,4.83
41051007500,Census Tract 75,5571,6682.074,0.833723167829349,4061,774,32,368,0,70,266,72.9,13.89,0.57,6.61,0,1.26,4.77,446,725,1396,944,348,88,0,11.3,18.37,35.37,23.92,8.82,2.23,0,10.49,62477,18.39,79.44,19.93,18.76,25.76,6.62,5.09,11.34,14.41,25952,0.388,61.9,998,32.69,28.459999999999997,26.34,12.51,33.64,47.46,16.93,1.98
41051007600,Census Tract 76,3458,5602.626,0.617210581670649,2528,76,9,289,60,394,102,73.11,2.2,0.26,8.36,1.74,11.39,2.95,623,713,796,228,138,9,0,24.85,28.44,31.75,9.09,5.5,0.36,0,7.37,43100,20.83,76.1,9.51,5.19,23.74,11.87,7.15,11.16,9.43,21942,0.4614,56.6,775,47.400000000000006,27.04,20.29,5.2700000000000005,39.17,39.23,20.25,1.34
41051007700,Census Tract 77,2316,5454.674,0.424589998100377,1724,138,13,255,0,53,133,74.44,5.96,0.56,11.01,0,2.29,5.74,255,469,576,278,80,5,6,15.28,28.1,34.51,16.66,4.79,0.3,0.36,4.03,50063,10.99,86.47,14.13,16.67,25.24,5.19,6.52,14.73,14.37,21062,0.3392,76.09,1165,34.41,39.25,22.58,3.75,36.84,40.230000000000004,16.24,6.69
41051007800,Census Tract 78,1958,4528.444,0.432378065072116,1419,67,16,166,31,137,122,72.47,3.42,0.82,8.48,1.58,7,6.23,164,239,535,320,123,13,8,11.7,17.05,38.16,22.82,8.77,0.93,0.57,8.02,61133,14.67,82.91,18.57,22.48,21.8,4.71,4.58,17.09,19.25,28513,0.4035,68.1,959,33.79,25.04,24.77,16.42,35.51,46.58,15.200000000000003,2.72
41051007900,Census Tract 79,4331,5563.775,0.778428317042396,2911,405,37,507,0,203,268,67.21,9.35,0.85,11.71,0,4.69,6.19,508,669,974,683,182,102,12,16.23,21.37,31.12,21.82,5.81,3.26,0.38,7.36,47371,13.9,84.92,15.76,16.77,20.09,2.87,1.24,8.89,13.11,24819,0.4053,48.06,856,39.32,34.1,17.560000000000002,9,39,35.54,19.92,5.53
41051008001,Census Tract 80.01,3228,5818.642,0.554768593522441,2608,48,34,327,0,105,106,80.79,1.49,1.05,10.13,0,3.25,3.28,288,567,937,405,181,6,15,12.01,23.63,39.06,16.88,7.54,0.25,0.63,3.2,45703,26.24,71.62,12.12,22.17,36.51,4.51,3.4,15.89,6.65,23204,0.3875,51.81,995,40.79,29.34,25.42,4.44,34.34,46.82,12.41,6.43
41051008002,Census Tract 80.02,3194,6223.928,0.513180756049835,2113,183,51,427,196,45,179,66.16,5.73,1.6,13.37,6.14,1.41,5.6,359,631,681,374,158,8,0,16.24,28.54,30.8,16.92,7.15,0.36,0,5.79,46142,20.62,76.3,12.49,16.34,34.47,6.93,5.82,13.26,7.53,21892,0.3688,66.04,936,38.660000000000004,33.28,22.58,5.47,38.239999999999995,39.09,15.52,7.14
41051008100,Census Tract 81,7544,6958.619,1.08412316968264,4575,1121,20,762,0,473,593,60.64,14.86,0.27,10.1,0,6.27,7.86,703,1441,1938,750,208,36,17,13.8,28.29,38.05,14.73,4.08,0.71,0.33,6.93,36698,29.62,68.55,7.48,18.05,32.71,8.21,11.4,16.56,16.56,18822,0.4146,31.68,914,53.480000000000004,30.88,10.969999999999999,4.65,29.48,45.69,20.270000000000003,4.56
41051008201,Census Tract 82.01,3032,3724.076,0.814161687235617,2205,58,0,372,50,221,126,72.72,1.91,0,12.27,1.65,7.29,4.16,221,504,868,430,121,47,0,10.09,23,39.62,19.63,5.52,2.15,0,5.69,40486,34.13,64.08,7.09,27.04,47.57,0.6,3.44,27.11,8.29,26383,0.4473,38.39,1162,49.74,25.619999999999997,17.7,6.94,40.79,32.85,20.090000000000003,6.26
41051008202,Census Tract 82.02,9312,10163.69,0.916203086655228,5854,665,106,958,130,1179,420,62.87,7.14,1.14,10.29,1.4,12.66,4.51,1416,1498,1543,970,315,114,25,24.08,25.47,26.24,16.49,5.36,1.94,0.43,8.04,36005,23.77,74.14,10.57,15.38,28.88,8.17,7.3,13.79,12.45,17574,0.4232,28.98,970,53.96999999999999,24.11,19.84,2.09,24.869999999999997,41.44,24.16,9.53
41051008301,Census Tract 83.01,4431,7076.287,0.626175874173934,2091,334,13,1502,10,358,123,47.19,7.54,0.29,33.9,0.23,8.08,2.78,803,931,829,510,83,7,0,25.39,29.43,26.21,16.12,2.62,0.22,0,14.19,29068,32.2,65.23,10.75,11.47,26.64,16.79,9.98,9.08,13.86,16284,0.5341,30.17,893,65.22,21.09,12.25,1.43,22.759999999999998,42.52,31.47,3.24
41051008302,Census Tract 83.02,4487,5190.514,0.864461534184714,2627,276,7,1065,97,168,247,58.55,6.15,0.16,23.74,2.16,3.74,5.5,626,779,1012,394,93,9,12,21.4,26.63,34.6,13.47,3.18,0.31,0.41,12.77,36875,19.75,73.51,12.95,10.24,25.36,12.09,8.12,10.5,12.55,17421,0.424,62.81,935,53.58,22.59,19.03,4.82,28.82,39.88,27.009999999999998,4.29
41051008400,Census Tract 84,4595,9174.641,0.50083706951538,3393,383,6,570,0,149,94,73.84,8.34,0.13,12.4,0,3.24,2.05,718,809,1107,267,83,10,6,23.93,26.97,36.9,8.9,2.77,0.33,0.2,10.55,34918,21.57,77.45,10.66,13.68,25.08,9.74,7.64,9.55,12.08,16503,0.413,43.25,790,55.650000000000006,26.91,15.16,2.28,27.479999999999997,49.1,18.16,5.27
41051008500,Census Tract 85,4457,5253.714,0.848352193137574,3214,231,46,502,0,207,257,72.11,5.18,1.03,11.26,0,4.64,5.77,502,838,1220,286,126,16,9,16.75,27.96,40.71,9.54,4.2,0.53,0.3,10.29,43571,14.64,83.11,11.42,9.44,22.3,6.36,4.45,9.51,12.86,20085,0.402,61.15,1128,45.14,31.25,17.23,6.36,31.07,49.269999999999996,18.300000000000004,1.37
41051008600,Census Tract 86,4150,8374.798,0.495534342244057,3133,545,9,105,21,86,251,75.49,13.13,0.22,2.53,0.51,2.07,6.05,483,943,914,353,83,17,0,17.29,33.76,32.72,12.64,2.97,0.61,0,10.22,40363,17.55,80.28,4.53,14.23,22.4,3.96,6.38,11.93,18.57,18319,0.3893,58.77,922,49.71,32.86,13.47,3.96,33.52,41.879999999999995,21.46,3.15
41051008700,Census Tract 87,4829,7445.48,0.648581383388649,3605,62,0,658,0,76,428,74.65,1.28,0,13.63,0,1.57,8.86,440,643,1185,989,324,60,0,12.08,17.66,32.55,27.16,8.9,1.65,0,6.54,59103,15.15,82.97,14.01,17.48,21.75,5.18,6.38,11.1,12.98,25163,0.3496,67.43,1303,27.95,35.99,26.54,9.51,29.74,40.71,20.9,8.64
41051008800,Census Tract 88,4503,7051.287,0.638606819799937,3743,52,47,265,122,146,128,83.12,1.15,1.04,5.88,2.71,3.24,2.84,357,881,1353,466,173,21,16,10.93,26.97,41.41,14.26,5.3,0.64,0.49,10.85,59722,16.13,82.75,13.39,16.94,22.73,6.16,9.53,8.9,19.55,26314,0.4071,72.91,1275,36.25,25.84,27.96,9.969999999999999,26,49.04,20.830000000000002,4.12
41051008901,Census Tract 89.01,9385,2511.385,3.73698256517019,6521,519,63,1661,0,161,460,69.48,5.53,0.67,17.7,0,1.72,4.9,937,1721,2302,1257,384,88,86,13.83,25.4,33.98,18.55,5.67,1.3,1.27,6.08,67049,16.91,80.24,13.9,27.92,26.8,6.53,3.36,15.53,9.29,30476,0.4527,77.46,1164,31.480000000000004,23,27.700000000000003,17.84,28.740000000000002,41.230000000000004,25.18,4.84
41051008902,Census Tract 89.02,3797,3298.412,1.15116015981541,2621,217,78,291,1,222,367,69.03,5.72,2.05,7.66,0.03,5.85,9.67,388,697,834,517,119,27,0,15.03,26.99,32.3,20.02,4.61,1.05,0,3.11,44364,16.07,79.97,8.79,16.71,21.18,4.97,3.24,9.58,10.95,21604,0.4038,43.3,1013,42.01,31.560000000000002,19.23,7.199999999999999,35.9,43.71,14.45,5.94
41051009e3,Census Tract 90,10809,10009.17,1.07990963664697,6940,775,103,1556,273,612,550,64.21,7.17,0.95,14.4,2.53,5.66,5.09,1625,1854,2159,778,194,27,45,24.32,27.75,32.31,11.64,2.9,0.4,0.67,10.94,38482,22.25,74.19,10.4,11.91,23.86,9.74,8.54,10.87,11.41,15814,0.446,46.45,925,51.339999999999996,28.14,16.17,4.35,30.38,36.989999999999995,25.939999999999998,6.67
41051009101,Census Tract 91.01,5690,9261.589,0.614365394743142,3493,243,15,688,377,690,184,61.39,4.27,0.26,12.09,6.63,12.13,3.23,1014,1215,1085,296,61,7,24,27.39,32.82,29.31,8,1.65,0.19,0.65,21.15,28347,31.83,66.42,11.11,8.55,26.9,12.72,20.01,17.19,14.83,14216,0.4694,46.35,982,61.2,24.33,12.07,2.4099999999999997,27.12,43.07,25.14,4.67
41051009102,Census Tract 91.02,6580,3253.713,2.02230473654704,4676,428,6,900,0,502,68,71.06,6.5,0.09,13.68,0,7.63,1.03,733,1323,1607,381,106,49,10,17.42,31.43,38.18,9.05,2.52,1.16,0.24,4.93,44844,28.45,70,13.63,12.45,27.41,8.8,8.03,16.83,13.45,18821,0.3976,55.54,1009,45.29,29.56,19.380000000000003,5.79,29.48,50.379999999999995,14.709999999999999,5.43
41051009201,Census Tract 92.01,8268,8025.399,1.03022909758655,5771,457,176,902,130,206,626,69.8,5.53,2.13,10.91,1.57,2.49,7.57,1190,1606,1833,742,218,17,0,21.23,28.65,32.7,13.24,3.89,0.3,0,11.47,4e4,18.03,79.12,11.31,9.64,24.85,5.8,4.38,13.07,12.15,22176,0.5209,47.23,889,50,27.450000000000003,14.96,7.6,29.22,45.2,21.090000000000003,4.48
41051009202,Census Tract 92.02,5131,8173.419,0.627766615134896,3328,482,24,718,47,322,210,64.86,9.39,0.47,13.99,0.92,6.28,4.09,550,1146,1361,325,115,32,31,15.45,32.19,38.23,9.13,3.23,0.9,0.87,6.62,50417,13.32,84.72,8.92,12.9,24.14,6.9,8.38,20.57,13.44,23093,0.4375,63.26,930,40.31,30.02,17.66,12.020000000000001,29.62,46.76,21.12,2.51
41051009301,Census Tract 93.01,6846,10332.62,0.662562143145065,4745,514,28,529,0,659,371,69.31,7.51,0.41,7.73,0,9.63,5.42,694,1265,1493,593,213,23,22,16.13,29.4,34.7,13.78,4.95,0.53,0.51,9.86,45371,26.85,70.09,4.97,11.75,28.19,15.23,10.73,15.84,16.26,18826,0.4168,36.83,973,41.8,26.519999999999996,24.29,7.390000000000001,42.51,30.95,19.39,7.15
41051009302,Census Tract 93.02,4609,4378.319,1.05268711669707,2918,206,0,673,284,173,355,63.31,4.47,0,14.6,6.16,3.75,7.7,487,757,1062,523,151,24,38,16.01,24.88,34.91,17.19,4.96,0.79,1.25,2.59,53036,24.79,72.6,13.46,18.39,30.31,8.3,7.59,12.46,11.63,37097,0.6192,51.36,861,39.080000000000005,24.78,26.98,9.14,37.86,39.980000000000004,14.42,7.73
41051009400,Census Tract 94,7269,4988.746,1.4570797239215,5579,434,29,392,185,188,462,76.75,5.97,0.4,5.39,2.55,2.59,6.36,569,1448,2073,787,353,103,42,10.59,26.94,38.57,14.64,6.57,1.92,0.78,6.52,54085,36.63,59.05,7.9,31.18,50.15,1.43,1.23,30.22,16.9,27010,0.4107,79.93,1063,33.38,31,31,4.61,30.28,44.629999999999995,20.9,4.2
41051009501,Census Tract 95.01,4976,6883.318,0.722907210380898,2761,823,7,802,0,47,536,55.49,16.54,0.14,16.12,0,0.94,10.77,384,1004,1361,457,78,35,37,11.44,29.92,40.55,13.62,2.32,1.04,1.1,11.33,44552,27.84,69.81,5.94,25.81,35.71,9.12,3.28,22.21,16.06,23073,0.406,58.08,923,45.19,25.230000000000004,20.59,8.97,29.56,44.519999999999996,20.860000000000003,5.06
41051009502,Census Tract 95.02,4065,6419.77,0.633200231043542,2474,774,8,265,123,82,339,60.86,19.04,0.2,6.52,3.03,2.02,8.34,379,690,1087,466,127,27,16,13.57,24.71,38.93,16.69,4.55,0.97,0.57,9.99,60722,22.09,76.96,12.78,28.99,29.43,3.29,6.84,20.57,8.86,27720,0.4091,50.38,876,35.629999999999995,25.380000000000003,27.92,11.069999999999999,29.72,53.150000000000006,13.020000000000001,4.11
41051009603,Census Tract 96.03,3683,5456.09,0.675025521353767,2891,63,47,162,175,214,131,78.5,1.71,1.28,4.4,4.75,5.81,3.56,409,680,1004,285,32,38,0,16.71,27.78,41.01,11.64,1.31,1.55,0,4.88,58403,15.2,83.14,7.69,11.53,29.87,9.96,10.48,17.64,22.97,22418,0.3624,68.12,980,32.04,37.370000000000005,20.35,10.22,31.38,46.31,17.02,5.29
41051009604,Census Tract 96.04,5386,6208.028,0.867586259086915,3429,529,57,131,198,710,332,63.67,9.82,1.06,2.43,3.68,13.18,6.16,835,1027,1084,285,91,0,0,25.14,30.92,32.63,8.58,2.74,0,0,14.86,35038,23.1,75.13,7.43,10.27,24.06,5.88,13.8,9.84,14.97,14868,0.3965,32.3,862,57.11,30.8,10.8,1.28,31.189999999999998,31.9,36.21,0.7
41051009605,Census Tract 96.05,5341,5218.909,1.02339393078269,3441,935,78,552,0,168,167,64.43,17.51,1.46,10.34,0,3.15,3.13,616,1037,1107,665,181,41,33,16.74,28.18,30.08,18.07,4.92,1.11,0.9,11.03,34837,28.95,67.62,11.76,25.81,37,6.43,8.52,16.86,9.67,20656,0.4881,42,896,58.839999999999996,19.14,12.24,9.75,36.97,36.269999999999996,16.66,10.11
41051009606,Census Tract 96.06,5685,12067.85,0.471086352523641,3567,540,34,562,109,568,305,62.74,9.5,0.6,9.89,1.92,9.99,5.36,1067,935,1122,322,33,0,5,30.63,26.84,32.2,9.24,0.95,0,0.14,7.12,30676,21.92,76.43,5.76,8.53,23.09,10.24,10.67,7.52,9.12,15956,0.4304,30.72,901,56.28,25.43,15.09,3.1999999999999997,29.77,39.94,27.3,2.99
41051009701,Census Tract 97.01,5857,8325.646,0.703488973694087,4026,289,45,855,15,241,386,68.74,4.93,0.77,14.6,0.26,4.11,6.59,693,1275,1422,463,85,36,10,17.39,32,35.69,11.62,2.13,0.9,0.25,18.64,41991,21.84,72.06,12.34,12.89,30.83,4.5,10.79,19.24,18.09,18182,0.4407,53.47,923,48.92999999999999,30.189999999999998,15.45,5.45,25.47,44.1,23.49,6.96
41051009702,Census Tract 97.02,8583,8427.775,1.01841823205358,5393,1062,182,830,76,745,295,62.83,12.37,2.12,9.67,0.89,8.68,3.44,931,2122,1609,312,85,0,22,18.32,41.76,31.67,6.14,1.67,0,0.43,11.61,40913,20.57,76.91,8.69,14.9,30.89,7.99,7.8,15.56,19.4,15943,0.4172,68.37,874,48.730000000000004,31.25,15.48,4.54,27.92,44.370000000000005,26.29,1.42
41051009801,Census Tract 98.01,4787,4966.248,0.963906782579688,3603,370,0,7,13,388,406,75.27,7.73,0,0.15,0.27,8.11,8.48,682,929,757,139,57,8,0,26.52,36.12,29.43,5.4,2.22,0.31,0,19.26,30651,20.4,75.59,9.66,2.29,21.55,12.38,15.46,9.31,11.95,12990,0.4244,29.92,882,57.760000000000005,26.41,14.96,0.86,27.96,41.72,28.35,1.97
41051009803,Census Tract 98.03,7957,6330.375,1.25695563068246,5680,467,69,477,0,720,544,71.38,5.87,0.87,5.99,0,9.05,6.84,1123,1435,1908,594,169,15,43,21.24,27.14,36.09,11.24,3.2,0.28,0.81,9.48,45746,31.72,68.28,3.97,21.22,42.29,8.21,9.39,19.85,14.27,18984,0.4086,38.78,881,44.12,30.449999999999996,18.549999999999997,6.870000000000001,30.44,35.85,30.860000000000003,2.86
41051009804,Census Tract 98.04,3314,7387.781,0.448578526232554,2595,101,0,387,0,134,97,78.3,3.05,0,11.68,0,4.04,2.93,470,694,803,210,43,0,0,21.17,31.26,36.17,9.46,1.94,0,0,4.44,37428,32.45,64.29,15.87,17.55,34.39,10.32,10.67,23.72,8.2,18070,0.4274,61.99,936,51.41,24.33,19.14,5.12,28.82,34.1,35.07,2.01
41051009903,Census Tract 99.03,6270,2222.527,2.82111345689633,4985,123,0,686,0,12,464,79.51,1.96,0,10.94,0,0.19,7.4,319,1038,1616,894,322,57,81,7.37,23.99,37.35,20.66,7.44,1.32,1.87,5.06,87319,13.82,80.99,12.1,21.77,28.39,4.34,2.53,30.82,12.39,34465,0.3139,91.71,1678,10.14,26.44,36.629999999999995,26.779999999999998,26.46,49.14,18.080000000000002,6.32
41051009904,Census Tract 99.04,3953,7934.091,0.498229721527667,3643,46,0,59,9,52,144,92.16,1.16,0,1.49,0.23,1.32,3.64,334,625,1064,347,94,40,6,13.31,24.9,42.39,13.82,3.75,1.59,0.24,11.78,55705,22.76,74.21,11.2,15.1,22.25,1.01,11.27,20.01,10.62,24846,0.4226,56.21,998,38.45,21.82,22.4,17.34,30.94,38.76,23.58,6.72
41051009905,Census Tract 99.05,3261,5404.433,0.603393529236429,2687,21,131,47,67,73,235,82.4,0.64,4.02,1.44,2.05,2.24,7.21,214,598,973,395,56,52,7,9.32,26.06,42.4,17.21,2.44,2.27,0.31,3.96,57301,14.37,84.56,6.03,18.74,24.03,3.47,3.39,17.84,9,28363,0.3534,67.71,989,18.490000000000002,42.03,24.86,14.62,26.619999999999997,46.379999999999995,25.74,1.27
41051009906,Census Tract 99.06,3233,1763.3,1.83349420923958,2808,111,5,107,0,130,72,86.85,3.43,0.15,3.31,0,4.02,2.23,159,504,971,461,211,27,27,6.74,21.36,41.14,19.53,8.94,1.14,1.14,2.61,87708,18.41,80.42,12.71,30.42,30.66,4.52,2.57,27.15,14.74,41106,0.3893,76.99,853,20.19,26.75,25.979999999999997,27.06,28.68,44.68,19.61,7.04
41051009907,Census Tract 99.07,4927,1534.366,3.21109750315445,4008,23,136,54,0,262,444,81.35,0.47,2.76,1.1,0,5.32,9.01,403,546,1425,537,223,77,14,12.5,16.93,44.19,16.65,6.91,2.39,0.43,7.13,68875,17.33,80.83,9.33,29.39,28.22,4.83,8.44,22.78,16.39,30303,0.4152,71.33,1008,31.11,24.89,29.619999999999997,14.4,30.85,30.79,32.980000000000004,5.38
41051010001,Census Tract 100.01,5315,4782.917,1.11124646137357,4863,62,13,51,0,118,208,91.5,1.17,0.24,0.96,0,2.22,3.91,556,1045,1393,503,187,58,5,14.84,27.89,37.18,13.42,4.99,1.55,0.13,9.19,29612,28.84,68.88,5.7,15.22,37.1,6.96,2.28,11.96,14.69,21684,0.4294,26.53,922,59.040000000000006,23.39,12.940000000000001,4.640000000000001,46.49,23.700000000000003,24.92,4.9
41051010002,Census Tract 100.02,5708,7644.978,0.74663396123843,4568,61,178,327,0,313,261,80.03,1.07,3.12,5.73,0,5.48,4.57,478,918,1549,565,230,40,45,12.5,24,40.5,14.77,6.01,1.05,1.18,7.83,57083,19.13,80.36,9.34,15.87,31.38,4.64,6.63,18.01,10.82,24925,0.4075,57.86,955,32.8,30.35,24.39,12.45,37.83,29.88,24.33,7.95
41051010100,Census Tract 101,9090,4669.075,1.94685264951035,7226,606,51,254,0,283,670,79.49,6.67,0.56,2.79,0,3.11,7.37,520,1370,2630,1082,238,71,15,8.77,23.12,44.38,18.26,4.02,1.2,0.25,9.62,49179,25.77,72.43,7.22,17.25,31.12,4.89,9.04,19.47,13.01,26629,0.4619,42.61,1071,42.1,28.35,21.62,7.92,33.46,43.099999999999994,20.740000000000002,2.7
41051010200,Census Tract 102,6213,581.8008,10.6789127980516,5054,144,109,427,0,189,290,81.35,2.32,1.75,6.87,0,3.04,4.67,876,1157,1454,660,354,28,0,19.34,25.55,32.1,14.57,7.82,0.62,0,8.86,60148,23.39,73.18,10.91,16.61,35.54,3.35,3.18,27.11,23.72,25057,0.3888,75.33,1110,29.22,43.19,20.130000000000003,7.49,49.69,35.77,11.18,3.35
41051010303,Census Tract 103.03,5521,2669.678,2.06803931137905,4258,289,11,320,0,252,391,77.12,5.23,0.2,5.8,0,4.56,7.08,415,854,1481,686,160,0,10,11.51,23.68,41.07,19.02,4.44,0,0.28,11.17,47201,20.95,75.3,11.05,14.15,22.53,8.19,5.78,15.73,9.34,26566,0.4458,44.31,954,43.050000000000004,20.310000000000002,21.92,14.71,35.230000000000004,41.5,20.369999999999997,2.9
41051010304,Census Tract 103.04,4456,5362.229,0.830997672576089,3228,158,259,139,112,322,238,72.44,3.55,5.81,3.12,2.51,7.23,5.34,576,629,1077,182,69,24,0,22.53,24.6,42.12,7.12,2.7,0.94,0,7.93,36756,16.13,82.22,6.45,9.47,17.57,5.83,10.02,13.8,17.64,19622,0.4528,42.48,860,51.809999999999995,27.04,15.71,5.43,44.53,32.3,20.020000000000003,3.14
41051010305,Census Tract 103.05,4316,3646.08,1.18373714472808,3916,27,63,127,0,0,183,90.73,0.63,1.46,2.94,0,0,4.24,203,676,1137,733,128,39,0,6.96,23.18,38.99,25.14,4.39,1.34,0,9.92,71850,24.1,73.65,14.11,20.62,24.16,3.16,5.48,16.82,22.55,31007,0.4062,72.94,1354,25.77,27.060000000000002,33.63,13.520000000000001,44.16,30.78,18.51,6.54
41051010306,Census Tract 103.06,4998,7806.216,0.640258951006723,4030,211,68,302,0,296,91,80.63,4.22,1.36,6.04,0,5.92,1.82,305,735,1531,544,104,31,6,9.37,22.57,47.02,16.71,3.19,0.95,0.18,13.26,59266,12.01,85.3,15.42,12.79,19.67,0.96,6.46,14.41,15.9,26709,0.4291,63.48,1135,32.45,27.07,26.54,13.93,25.23,51.59,18.9,4.26
41051010402,Census Tract 104.02,6566,481.7527,13.6294005995395,5994,39,18,308,4,174,29,91.29,0.59,0.27,4.69,0.06,2.65,0.44,309,1082,1781,874,234,70,33,7.05,24.69,40.63,19.94,5.34,1.6,0.75,8.73,73250,16.31,82.19,18.95,31.35,30.99,3.27,4.13,18.4,14.18,29621,0.3479,77.46,1634,21.27,33.03,26.759999999999998,18.95,31.509999999999998,41.72,20.81,5.96
41051010405,Census Tract 104.05,6017,7321.967,0.82177369161556,5128,155,100,195,17,4,418,85.23,2.58,1.66,3.24,0.28,0.07,6.95,674,938,1444,696,138,66,0,17.04,23.71,36.5,17.59,3.49,1.67,0,9.8,47235,17.33,79.11,11.3,20.18,31.88,2.46,1.58,15.79,9.76,22147,0.3636,45.29,958,38.18,34.34,23.61,3.87,33.32,36.68,25.590000000000003,4.42
41051010407,Census Tract 104.07,5744,3500.284,1.6410095336349,4943,148,149,105,0,160,239,86.06,2.58,2.59,1.83,0,2.79,4.16,532,921,1478,452,147,55,7,14.81,25.64,41.15,12.58,4.09,1.53,0.19,7.56,65346,20.93,75.74,9.34,18.52,29.47,3.86,3.76,19.06,15.62,26789,0.4455,66.61,1165,30.650000000000002,28.02,31.3,10.04,39.71,32.64,23.389999999999997,4.27
41051010408,Census Tract 104.08,6098,5571.535,1.09449194359202,5246,41,119,115,0,144,433,86.03,0.67,1.95,1.89,0,2.36,7.1,779,1167,1461,314,300,21,11,19.22,28.79,36.05,7.75,7.4,0.52,0.27,9.71,54538,17.33,81.05,7.14,13,24.24,5.62,9.67,17.76,15.19,21253,0.3555,56.52,969,38.28,38.760000000000005,17.67,5.29,38.09,41.36,18.73,1.83
41051010409,Census Tract 104.09,8511,3724.962,2.28485537384729,7293,405,0,292,48,121,352,85.69,4.76,0,3.43,0.56,1.42,4.14,256,1227,2359,1e3,467,29,41,4.76,22.81,43.86,18.59,8.68,0.54,0.76,3.61,72128,12.56,83.75,14.96,19.94,24.7,4.19,2.79,17.97,11.31,26927,0.3376,63.74,1159,22.799999999999997,30.03,29.490000000000002,17.68,36.5,37.25,22.5,3.75
41051010410,Census Tract 104.1,4764,6965.997,0.683893516108955,3691,185,19,74,0,331,464,77.48,3.88,0.4,1.55,0,6.95,9.74,372,720,1291,391,111,16,40,12.65,24.48,43.9,13.29,3.77,0.54,1.36,10.62,41010,19.18,80.36,7.01,16.03,23.72,8.04,7.29,20.16,15.57,18522,0.3733,40.72,982,49.4,29,18.61,2.9899999999999998,43.39,31.11,22.9,2.6
41051010411,Census Tract 104.11,3098,6886.888,0.44984030814042397,2544,89,22,219,15,117,92,82.12,2.87,0.71,7.07,0.48,3.78,2.97,394,840,690,252,58,0,12,17.54,37.4,30.72,11.22,2.58,0,0.53,12.18,43561,41.29,58.71,5.04,22.93,45,5.91,6.07,27.74,11.82,23498,0.4527,56.19,1048,45.54,33.260000000000005,14.81,6.38,38.56,29.39,24.92,7.13
41051010500,Census Tract 105,3886,21.33073,182.178450247646,3470,65,84,27,0,0,240,89.29,1.67,2.16,0.69,0,0,6.18,270,807,739,526,235,101,15,10.03,29.97,27.44,19.53,8.73,3.75,0.56,8.06,59063,29.64,67.66,21.05,30.68,40.79,7.27,0,26.87,15.86,29455,0.4082,83.86,1085,29.03,31.93,21.189999999999998,17.87,25.92,29.060000000000002,35.74,9.29
41051010600,Census Tract 106,2932,7564.917,0.387578629707937,2246,319,34,67,0,45,221,76.6,10.88,1.16,2.29,0,1.53,7.54,309,516,834,588,148,74,58,12.23,20.42,33,23.27,5.86,2.93,2.3,17.59,13831,52.86,42.2,11.8,12.58,29.68,13.46,7.17,9.67,10.24,22323,0.6469,11.12,609,78.69,9.51,6.859999999999999,4.94,46.87,32.29,15.01,5.83
4105198e4,Census Tract 9800,0,0,1.57473123427599,0,0,0,0,0,0,0,NA,NA,NA,NA,NA,NA,NA,0,0,0,0,0,0,0,NA,NA,NA,NA,NA,NA,NA,NA,NA,NA,NA,NA,NA,NA,NA,NA,NA,NA,NA,NA,NA,NA,NA,NA,NA,NA,NA,NA,NA,NA
