fips,qualifying_name,total_population,population_density,area,white,black,am_indian,asian,pac_isl,other_race,two_more_races,below_hs,hs_degree,some_college,bachelors_degree,masters_degree,professional_school_degree,doctorate_degree,unemployment_rate,hhs_less_10k,hhs_10k_14999,hhs_15k_19999,hhs_20k_24999,hhs_25k_29999,hhs_30k_34999,hhs_35k_39999,hhs_40k_44999,hhs_45k_49999,hhs_50k_59999,hhs_60k_74999,hhs_75k_99999,hhs_100k_124999,hhs_125k_149999,hhs_150k_199999,hhs_200k_more,med_family_income,med_nonfamily_income,hhs_with_no_earnings,hhs_capital_income,hhs_social_security,hhs_ssi,hhs_public_assistance_income,hhs_retirement_income,renter_occupied_units,owner_occupied_units,10_less_commute,10_19_commute,20_29_commute,30_39_commute,40_59_commute,60_89_commute,90_more_commute,no_commute
41051000100,"Census Tract 1, Multnomah County, Oregon",6293,4590.163,1.37097546397898,90.37,0,1.57,2.26,0.27,1.72,3.81,0.84,10.45,31.46,28.42,19.76,6.67,2.4,4.77,4.23,3.06,3.63,1.02,1.83,6.65,3.7,3.63,4.19,12.5,5.88,12.32,10.04,8.1,7.29,11.94,73393,55570,19.12,36.8,24.75,2.29,0.99,14.08,42.82,57.18,6.02,15.77,30.57,22.3,6.41,1.99,5.6,11.35
41051000200,"Census Tract 2, Multnomah County, Oregon",6615,7284.93,0.908038956165048,86.46,0.2,1.09,3.24,0.35,1.07,7.6,3.03,10.22,31.85,36.55,12.69,2.69,2.97,5.64,9.78,7.79,4.3,4.07,5.67,2.25,2.05,2.64,2.35,6.81,14.66,13.52,8.15,4.89,3.65,7.43,62260,25264,25.06,29.52,27.89,5.64,4.66,9.78,53.5,46.5,5.54,21.9,27.98,20.96,6.9,3.57,1.92,11.23
41051000301,"Census Tract 3.01, Multnomah County, Oregon",5431,6194.103,0.876801745799594,84.13,1.55,0.29,7.75,0.42,0.77,5.08,4.99,18.61,31.26,27.42,13.93,3.04,0.76,9.42,8.08,11.62,6.26,5.21,2.97,4.4,8.32,9.33,3.06,8.08,5.36,7.65,9.42,2.53,5.93,1.77,41706,30455,22.62,23.91,24.96,4.21,3.54,12.29,63.46,36.54,16.97,19.69,26.78,15.29,6.73,1.83,3.22,9.49
41051000302,"Census Tract 3.02, Multnomah County, Oregon",7165,5803.79,1.23453815230032,92.59,0,0.22,3.24,0,0.24,3.71,1.84,8.45,24.26,33.29,21.72,6.83,3.6,5.24,2.16,2.79,2.75,3.19,2.35,2.42,2.09,2.68,1.61,6.38,6.09,12.32,15.07,7.37,8.87,21.88,103404,36595,17.45,42.78,26.43,0.95,0.95,21.19,10.59,89.41,6.07,20.72,25.13,22.02,12.09,7.44,1.61,4.93
41051000401,"Census Tract 4.01, Multnomah County, Oregon",3853,7355.778,0.523805901803406,90.76,0,0,6.31,0,0.6,2.34,5.03,14.1,22.04,36.08,14.17,5.46,3.12,6.15,3.89,1.19,1.39,2.44,5.94,0.4,6.93,1.25,3.3,9.31,16.44,14.98,14.32,8.51,5.41,4.29,72917,67903,12.61,26.4,20.66,1.65,4.49,12.74,27.19,72.81,3.33,26.26,22.69,19.46,13.94,4.28,1.09,8.94
41051000402,"Census Tract 4.02, Multnomah County, Oregon",3313,7329.537,0.452006727444297,84.46,0.75,0.69,10.35,0,0.97,2.78,6.04,19.44,31.56,28.58,11.03,2.62,0.72,2.32,2.5,0,1.91,4.56,5.66,4.85,1.84,6.99,5.29,9.34,7.94,26.1,12.72,3.82,5.88,0.59,72045,53185,15.07,25.66,22.21,1.1,1.62,12.79,27.94,72.06,9.71,20.4,24.23,22.72,12.47,1.62,4.64,4.21
41051000501,"Census Tract 5.01, Multnomah County, Oregon",4004,9191.51,0.435619392831164,79.15,0,1.5,9.64,0,1.55,8.17,9.04,20.25,35.37,21.18,10.61,1.81,1.74,10.95,11.82,3.69,4.68,4.74,4.86,4.12,3.2,4.55,4.12,14.09,9.05,16.25,5.17,4.43,3.02,2.22,53180,39417,12.68,27.75,18.46,7.69,6.22,8.74,40.74,59.26,3.69,16.63,32.49,22.38,8.72,3.55,3.42,9.12
41051000502,"Census Tract 5.02, Multnomah County, Oregon",4924,8875.396,0.554792145755115,76.18,2.94,0.16,11.37,0.26,5.89,3.19,24.07,22.91,26.13,19.09,7.33,0.05,0.42,2.32,9.82,5.06,3.31,3.57,3.51,6.56,7.6,8.42,7.13,9.35,16.43,9.97,5.48,2.27,1.19,0.31,46526,35893,18.5,14.68,24.91,9.97,4.34,12.87,52.14,47.86,6.74,25.98,25.77,20.08,8.89,6.63,1.2,4.7
41051000601,"Census Tract 6.01, Multnomah County, Oregon",5477,6976.465,0.785068116145712,72.48,2.25,0.07,15.74,0.35,5.95,3.16,23.65,23.43,33.65,14.56,3.98,0.55,0.19,5.96,10.51,1.61,7.66,7.82,8.18,6.94,3.21,2.74,4.87,8.39,10.51,14.45,5.7,3.47,2.07,1.86,46138,27486,15.48,11.03,22.53,7.46,6.47,10.51,44.33,55.67,3.7,29.79,25.02,22.91,9.72,5.1,2.03,1.74
41051000602,"Census Tract 6.02, Multnomah County, Oregon",5991,9354.512,0.640439646824619,68.1,3.66,3.36,17.06,0,2.77,5.06,20.59,25.42,33.52,14.26,4.99,0.2,1.02,5.68,4.69,3.5,0.62,8.81,6.08,10.2,6.8,8.76,4.64,16.13,7.52,11.54,4.43,5.1,1.18,0,45938,40694,12.21,14.27,16.49,6.23,6.54,9.63,35.86,64.14,4.38,19.19,28.2,16.71,16.18,4.73,3.18,7.42
41051000701,"Census Tract 7.01, Multnomah County, Oregon",4755,8646.258,0.549948880072031,78.32,2.69,0,10.94,0,3.03,5.03,10.29,19.49,29.89,26.17,11.96,1.95,0.25,9.49,7.98,2.17,5.1,4.65,7.47,2.37,3.59,3.69,6.21,9.75,7.88,11.36,14.04,6.01,4.55,3.18,56118,42330,13.69,26.87,21.06,6.57,2.68,14.55,39.7,60.3,4.03,29.03,18.24,19.68,12.7,7.35,1.03,7.94
41051000702,"Census Tract 7.02, Multnomah County, Oregon",4953,9108.629,0.543770086965654,76.7,3.88,1.33,11.37,0.18,0.4,6.14,7.72,15.99,31.17,32.12,9.71,2.02,1.27,6.17,9.05,6.8,2.3,2.05,4.55,2.98,7.14,6.9,3.42,9.78,12.72,17.76,6.21,3.72,3.67,0.93,54407,52949,16.34,20.01,19.52,7.83,5.48,9.25,41.54,58.46,1.48,22.57,25.78,25.18,18.76,1.02,1.13,4.09
41051000801,"Census Tract 8.01, Multnomah County, Oregon",4524,7515.537,0.601952982021538,86.8,5.33,0.84,4,0,0.29,2.74,3.97,12.6,27.37,32.57,17.03,2.48,3.97,5.54,7.72,5.51,1.52,4.87,4.18,2.26,2.8,3.44,5.02,12.89,11.41,10.77,10.28,8.17,3.74,5.41,59832,47279,14.51,30.5,20.07,2.46,0.93,10.62,43.58,56.42,5.66,18.83,24.56,27.4,11.92,3.56,0.75,7.33
41051000802,"Census Tract 8.02, Multnomah County, Oregon",4771,9281.208,0.514049485943564,86.82,1.55,1.4,4.42,0,0.04,5.76,7.3,16.73,26.25,33.33,15.38,0.7,0.3,8.69,8.1,2,4.24,6.85,6.01,3.77,3.21,6.52,4.52,7.13,16.49,16.39,6.01,3.26,2.47,3.03,57525,42286,11.88,18.35,17.56,1.96,4.8,12.67,62.55,37.45,5.35,18.11,23.12,25.08,13.04,4.87,2.92,7.51
41051000901,"Census Tract 9.01, Multnomah County, Oregon",4172,9585.885,0.435223251999623,83.41,0.53,0.5,6.93,0,0.98,7.65,4.18,10.33,21.58,34.83,19.75,5.78,3.55,4.69,3.85,3.63,3.14,2.28,6.66,1.73,2.65,2.82,3.95,9.75,9.97,13.76,12.62,7.75,7.48,7.96,74487,57969,11.05,31.8,15.22,2.65,1.9,8.67,47.83,52.17,7.72,21.2,26.89,17.65,13.37,1.78,0.29,11.09
41051000902,"Census Tract 9.02, Multnomah County, Oregon",4385,11338.12,0.386748510031707,75.99,8.55,1.35,8.44,0.62,1.41,3.65,11.37,13.78,28.53,26.97,12.48,4.81,2.05,7.09,16.52,1.61,7.91,2.22,7.41,7.76,5.29,0.96,7.41,7.71,8.56,9.12,7.86,2.67,4.84,2.17,45149,45938,15.06,17.38,17.08,6.9,6.8,7.25,64.43,35.57,6.41,22.29,28.16,17.51,9.59,7.07,1.01,7.96
41051001e3,"Census Tract 10, Multnomah County, Oregon",5896,6048.608,0.974769767273053,90.45,1.66,0.2,4.99,0,0.76,1.93,5.59,7.49,33.3,33.57,15.58,4.1,0.37,5.65,8.33,5.28,6.37,4.34,4.22,1.52,3.05,2.97,3.95,8.13,14.15,14,7.74,8.05,5.86,2.03,61013,50772,15.83,32.06,15.72,3.36,2.42,9.73,60.4,39.6,6.6,26.81,25.38,20.49,10.73,3.16,1.31,5.52
41051001101,"Census Tract 11.01, Multnomah County, Oregon",2106,3874.906,0.543497112727935,81.43,6.89,0.47,5.41,0,0.66,5.13,5.94,15.61,23.96,36.04,15.51,2.19,0.75,15.71,18.07,15.94,10.29,6.76,4.78,5.29,2.65,3.38,4.78,7.2,6.91,7.2,1.62,2.13,1.18,1.84,24194,21128,26.08,13.89,20.72,10.07,8.6,7.27,89.35,10.65,9.86,31.32,18.31,18.72,7.21,5.47,0.66,8.45
41051001102,"Census Tract 11.02, Multnomah County, Oregon",1640,5119.201,0.320362488165968,83.05,1.22,2.56,9.27,0,0.85,3.05,0,12.06,23.69,41.48,14.33,5.31,3.12,6.76,6.75,3.75,6.15,2.7,4.8,5.25,6.15,0.9,3,6.15,11.24,13.64,8.1,6.15,7.05,8.25,69453,38125,11.69,40.48,17.09,0,2.25,9.75,52.02,47.98,10.4,39.9,18.2,9.4,8.2,1.5,1.5,10.9
41051001201,"Census Tract 12.01, Multnomah County, Oregon",5131,14326.43,0.35814914972579,90.24,1.25,0.49,2.61,0,2.73,2.69,0.82,6.36,33.28,41.72,11.28,4.57,1.98,4.08,10.29,3.56,4.11,6.65,5.05,9.31,5.09,5.4,4.3,7.82,8.41,16.63,6.69,1.53,0.35,4.81,45427,41691,8.37,22.77,10.33,0.78,1.6,9,85.02,14.98,8.91,32.95,24.82,12.89,9.15,2.94,1.53,6.81
41051001202,"Census Tract 12.02, Multnomah County, Oregon",3521,9763.557,0.360626767382706,87.36,0.4,0.06,7.19,0,1.68,3.32,2.1,8.79,18.24,41.41,18.43,6.44,4.6,4.72,1.75,2.21,4.22,2.47,5.26,2.53,6.23,2.53,2.79,5.19,14.03,9.16,11.17,9.87,7.47,13.12,78125,57500,14.29,40.97,21.3,1.43,1.75,17.08,39.29,60.71,10.96,27.07,24.14,12.44,8.92,4.07,2.68,9.72
41051001301,"Census Tract 13.01, Multnomah County, Oregon",3950,13733.79,0.287611757274551,86.58,0.84,0.08,4.05,0,1.09,7.37,2.01,8.09,23.17,39.39,20.81,4.92,1.62,2.89,8.19,1.15,2.2,7.59,5.11,5.22,2.42,5.88,4.29,5.5,7.53,13.03,8.47,2.91,9.73,10.78,63208,44481,9.13,36.78,11.49,3.79,2.25,6.54,60.42,39.58,5.3,28.59,22.95,17.64,7.91,4.17,0.45,12.99
41051001302,"Census Tract 13.02, Multnomah County, Oregon",3240,11070.71,0.29266429033648,89.2,0.4,0,2.81,0.56,2.44,4.6,1.58,8.63,25.26,35.56,17.09,8.34,3.54,4.32,3.97,1.79,1.64,1.71,1.71,1.56,3.97,2.96,2.26,8.8,10.67,18.3,11.37,10.75,7.55,10.98,86288,67917,7.79,33.64,12.54,0,3.5,12.54,30.84,69.16,2.43,25.5,31.11,16.5,5.55,2.05,0.54,16.33
41051001400,"Census Tract 14, Multnomah County, Oregon",5420,11548.63,0.469319548970883,84.28,4.34,1.03,5.3,0,0.48,4.58,2.57,8.12,21.99,36.54,22.63,5.37,2.78,7.21,6.55,2.35,3.36,1.55,3.91,6.05,3.7,2.73,2.98,6.72,9.03,15.79,12.14,6.05,7.39,9.7,75777,54957,16.46,39.27,18.35,1.39,4.41,14.07,43.76,56.24,1.81,18.43,25.42,23.24,15.35,4.02,0.36,11.36
41051001500,"Census Tract 15, Multnomah County, Oregon",3441,9085.667,0.378728395652798,93.98,0.15,0.87,2.32,0,0.49,2.18,1.1,9.67,20,35.25,18.19,11.71,4.09,5.14,2.1,1.96,0.73,6.09,4.35,2.54,1.16,3.48,2.1,7.18,11.02,12.69,10.73,6.24,11.24,16.39,87991,52386,13.78,40.61,17.04,0,2.54,16.97,26.54,73.46,5.5,19.22,30.01,20.77,7.9,6.25,0.53,9.82
41051001601,"Census Tract 16.01, Multnomah County, Oregon",5787,5227.567,1.10701593984219,85.78,0.66,0.6,7.95,0.1,2.19,2.71,6.41,12.72,28.54,27.18,21.4,3.2,0.56,5.6,3.41,2.3,6.9,2.94,6.9,3.69,4.56,2.5,6.07,5.55,10.43,11.5,11.19,6.58,8.65,6.82,67125,36250,22.37,37.92,35.74,1.15,1.82,22.25,31.85,68.15,11.36,22.19,25,13.17,9.73,5.38,2.37,10.8
41051001602,"Census Tract 16.02, Multnomah County, Oregon",4589,7133.095,0.643339274158799,68.53,7.15,0.61,15.97,1.98,0.52,5.23,15.76,23.96,35.27,17.98,4.69,1.65,0.69,11.43,9.16,6.38,7.08,2.84,6.44,3.13,6.03,7.89,4.35,12.35,8.87,9.69,8.7,2.55,3.07,1.45,46184,36910,17.92,16.07,25.17,10.38,4.52,17.98,33.87,66.13,10.23,22.98,23.61,16.81,15.73,3.74,3.24,3.65
41051001701,"Census Tract 17.01, Multnomah County, Oregon",7438,9513.357,0.781848024006289,74.59,3.89,1.4,9.33,3.24,0.78,6.78,3.86,18.31,30.68,35.13,10.62,0.71,0.68,7.01,6.25,2.11,1.9,1.66,2.83,3,5.56,5.66,2.35,16.51,17.16,14.57,7.98,4.07,4.7,3.69,62500,54332,9.25,32.39,18.51,7.6,2.87,14.61,41.64,58.36,5.41,20.24,32.23,19.29,13.83,5.19,1.34,2.48
41051001702,"Census Tract 17.02, Multnomah County, Oregon",4463,8529.933,0.523216323782195,70.31,5.2,3.16,11.97,0.16,3.02,6.18,7.59,20.28,36.48,25.48,9.28,0.61,0.29,15.66,7.29,3.13,4.29,4.16,6.33,4.22,8.7,7.36,4.99,9.98,8.13,15.55,7.17,4.54,3.58,0.58,49574,41138,13.95,22.84,20.86,8,6.08,13.44,47.66,52.34,8.34,22.95,31,21.8,7.57,2.92,0.53,4.89
41051001801,"Census Tract 18.01, Multnomah County, Oregon",4440,9838.536,0.451286646887939,84.8,1.94,2.57,6.01,0,0.92,3.76,5.77,18.06,32.02,28.71,9.06,2.7,3.68,11.42,10.73,4.72,5.73,5.1,3.51,2.12,6.79,3.8,5.49,6.93,17.08,9.43,10.68,2.89,2.21,2.79,55423,40085,21.51,16.6,25.36,4.57,6.21,8.61,54.91,45.09,7.09,30.54,24.69,21.06,5.94,6.02,1.24,3.42
41051001802,"Census Tract 18.02, Multnomah County, Oregon",3603,8617.063,0.418123944975807,88.26,0.94,0.06,5.02,0,0.75,4.97,3.58,11.76,26.9,36.84,14.93,3.1,2.89,5.35,5.23,6.6,3.98,3.92,6.66,6.72,6.66,4.52,1.72,7.25,4.76,12.78,12.07,6.66,4.22,6.24,56318,33894,20.45,33.47,29.96,4.64,2.32,14.92,52.62,47.38,7.07,28.59,31.38,13.96,8.18,1.44,1.68,7.7
41051001900,"Census Tract 19, Multnomah County, Oregon",4895,7115.116,0.687971913383382,90.17,1.16,0,4.09,0,0.18,4.39,0.23,5.68,15.28,37.52,24.17,12.47,4.65,6.27,2.75,1.19,3.27,2.39,2.81,3.22,6.65,1.61,2.13,1.97,5.66,10.96,10.44,10.96,13.56,20.42,109958,38182,19.95,44.68,27.27,0.42,0.99,21.56,16.1,83.9,11.11,29.6,31.46,8.9,3.76,2.68,1.25,11.24
41051002e3,"Census Tract 20, Multnomah County, Oregon",6306,11215.91,0.562236967893288,86.43,1.57,1.11,5.06,0,1.05,4.79,1.47,7.25,29.96,44.06,13.26,2.9,1.1,7.06,3.61,5.66,5.97,4.66,4.79,8.18,6.59,7.49,3.51,9.17,6.9,14.21,7.15,5.66,3.36,3.08,49265,40461,9.67,26.03,11.72,0.5,0.9,4.38,73.6,26.4,11.18,29.18,23.26,16.8,4.29,5.99,0.32,8.99
41051002100,"Census Tract 21, Multnomah County, Oregon",2291,3686.185,0.621509829389171,83.72,4.89,2.18,3.71,0,0.17,5.33,5.69,16.13,22.96,33.24,16.89,3.17,1.91,5.38,7.22,1.75,9.76,9.05,6.67,4.6,8.49,5,3.33,10,14.21,8.02,4.37,1.27,3.33,2.94,42838,36164,12.78,13.1,12.46,1.75,1.43,8.02,86.75,13.25,7.25,31.72,22.2,17.35,10.16,3.37,1.55,6.41
41051002203,"Census Tract 22.03, Multnomah County, Oregon",3555,6525.874,0.54475464751188,78.79,10.52,0.93,1.86,0,0.62,7.29,5.76,13.45,25.07,33.88,14.63,4.61,2.6,6.02,10.25,9.95,6.43,4,1.46,6.07,4.92,3.09,1.88,4.37,6.86,13.47,8.68,6.98,4.79,6.8,55743,32130,21.78,24.03,24.03,9.83,5.22,9.89,64.87,35.13,9.14,31.42,26.26,14.35,7.02,1.72,1,9.1
41051002303,"Census Tract 23.03, Multnomah County, Oregon",2209,2900.534,0.761583837454073,75.83,10.19,0.36,6.07,0,0.59,6.97,4.3,8.81,39.07,29.66,14.62,2.58,0.97,14.79,17.66,6.06,5.84,3.89,8.68,1.65,5.01,6.51,6.59,5.54,8.38,9.43,4.57,4.49,5.69,0,41212,37564,42.74,34.13,34.13,4.12,1.2,20.81,86.53,13.47,13.85,20.92,32.89,7.45,11.59,1.23,5.28,6.79
41051002401,"Census Tract 24.01, Multnomah County, Oregon",2821,8669.177,0.325405754775698,93.23,3.33,0.53,2.16,0,0,0.74,3.48,3.96,19.54,24.17,29.79,11.2,7.86,4.96,3.06,0.7,0,1.49,2.01,3.85,2.89,1.84,0.52,7.96,4.81,9.71,10.94,11.02,15.22,23.97,130223,85202,9.54,42.87,20.21,0.7,1.4,17.76,20.47,79.53,10.39,36.76,21.26,9.32,3.09,4.16,0.65,14.37
41051002402,"Census Tract 24.02, Multnomah County, Oregon",3455,10189.23,0.339083424324746,80.35,8.42,0.41,6.08,0,0,4.75,1.44,11.79,24.48,34.49,14.98,7,5.82,3.58,10.77,8.35,3.91,3.81,5.07,3.24,4.25,5.02,4.1,9.71,10.19,11.15,3.96,4.39,4.68,7.39,50941,42146,32.5,28.39,31.1,4.49,2.32,12.26,76.77,23.23,17.99,38.64,24.36,5.45,4.05,1.11,1.59,6.8
41051002501,"Census Tract 25.01, Multnomah County, Oregon",4699,9092.986,0.516771892379424,89.42,1.23,0.17,3.4,0.21,0.13,5.43,1.43,6.46,17.26,32.39,23.32,13.98,5.16,3.65,1.02,1.02,1.98,3.57,1.93,0.51,0.96,3.06,1.47,3.57,7.71,12.13,12.59,10.49,14.97,23.02,121429,51667,13.55,49.89,27.04,1.42,1.08,20.69,11.9,88.1,14.4,33.21,23,13.28,3.45,1.37,0,11.29
41051002502,"Census Tract 25.02, Multnomah County, Oregon",4398,10371.81,0.424034010968391,88.29,2.98,0.52,3.55,0,1.05,3.62,2.8,8.92,19.9,41.5,17.05,7.3,2.53,4.68,6.83,1.61,5.75,3.36,2.93,4.68,4.58,4.1,2.44,13.12,8.14,13.75,8.29,2.93,4.58,12.92,60801,43071,17.31,31.5,19.94,2.15,1.37,12.24,65.92,34.08,9.63,34.12,25.5,14.33,6.23,1.46,0.52,8.21
41051002600,"Census Tract 26, Multnomah County, Oregon",2899,7373.984,0.393138887129979,92.58,2.1,0,2.1,0,0.31,2.9,1.64,6.04,21.07,35.57,22.96,7.59,5.12,2.8,0.73,4.32,3.86,0.55,0.73,6.89,0,1.01,1.38,3.03,11.11,13.96,5.97,13.5,11.85,21.12,110781,73333,14.97,43.25,27.09,5.6,0,15.79,16.25,83.75,7.32,27.4,31.54,11.73,7.8,1.17,1.93,11.11
41051002701,"Census Tract 27.01, Multnomah County, Oregon",3424,9715.186,0.352437926353327,87.94,0.61,0.23,4.73,0,0.7,5.78,1.03,6.25,21.76,38.23,22.43,6.92,3.38,6.35,0.57,1.46,0.97,3.24,2.59,2.19,3.73,0.41,1.22,4.94,8.27,12.97,11.1,11.51,14.83,20.02,112065,76875,10.94,50,24.15,4.7,4.7,17.02,8.1,91.9,11.8,30.22,26.12,10.62,5.99,2.64,0.53,12.09
41051002702,"Census Tract 27.02, Multnomah County, Oregon",2951,8917.271,0.330930876899816,82.18,8.71,0.47,1.02,0,2.27,5.35,2.75,12.21,30.52,30.91,17.45,3.4,2.75,9.02,13.34,11.2,1.3,6.93,5.12,2.91,3.63,2.4,4.53,2.72,8.61,9.59,4.15,8.68,7.64,7.25,48971,33333,29.73,25.71,29.73,8.61,2.2,18.52,62.69,37.31,13.39,27.4,28.01,10.88,4.21,1.09,0.68,14.34
41051002801,"Census Tract 28.01, Multnomah County, Oregon",3007,8492.236,0.354088127049237,90.95,0,0.03,4.52,0,1.1,3.39,1.31,6.76,25.04,37.78,21.77,3.97,3.36,4.46,4.34,1.37,2.09,2.17,1.85,0.64,6.83,0.72,4.42,10.37,5.06,15.43,12.22,17.6,9.41,5.47,88750,61176,15.11,41.32,20.82,1.53,0.64,18.73,23.63,76.37,3.88,35.65,24.58,15.13,7.83,2.61,0.41,9.91
41051002802,"Census Tract 28.02, Multnomah County, Oregon",3149,8299.495,0.379420676852557,89.36,2.38,0.32,3.87,0,0.29,3.78,2.78,10.51,30.76,31.65,19.16,2.66,2.49,3.26,0.67,2.31,3.13,1.79,2.38,3.73,3.2,4.77,5.89,12.52,12.74,13.79,7.23,7.75,7.08,11.03,70663,50282,13.34,23.99,19.6,2.68,3.87,16.24,31.37,68.63,8.11,23.82,27.93,18.48,6.83,7.03,0.41,7.39
41051002901,"Census Tract 29.01, Multnomah County, Oregon",4339,7315.531,0.593121666972974,88.68,0.41,0.65,5.67,0,1.68,2.9,5.46,15.89,25.95,29.76,19.45,2.6,0.9,6.97,2.91,1.35,7.87,1.9,4.91,6.66,5.21,4.71,5.56,4.46,13.83,13.03,11.27,7.36,3.06,5.91,63669,44479,19.24,30.06,23.7,3.31,1.75,13.08,29.36,70.64,4.75,24.05,29.81,16.6,12.16,1.62,0.69,10.31
41051002902,"Census Tract 29.02, Multnomah County, Oregon",5257,5406.901,0.972275933324788,81.83,2.59,0.53,8.64,0,2.49,3.92,4.78,20.05,32.84,27.11,10.51,3.59,1.12,8.15,4.2,1.97,5.43,3.7,11.93,2.06,6.91,3.58,7.24,9.3,12.01,12.42,9.05,4.2,3.54,2.47,53292,45662,11.6,22.13,18.43,2.1,2.22,14.48,41.3,58.7,6.36,27.98,18.87,15.05,13.42,5.25,2.46,10.6
41051002903,"Census Tract 29.03, Multnomah County, Oregon",5779,5135.889,1.12521911298431,65.79,12.89,0.85,18.15,0,1.02,1.3,6.46,18.1,43.42,22.08,7.49,1.52,0.94,8.68,7.89,5.18,5.14,3.04,1.43,4.99,5.71,5.99,4.61,6.85,11.46,7.75,16.21,6.18,3.57,3.99,59006,52115,15.26,22.49,25.11,6.56,2.81,14.46,35.14,64.86,13.52,21.76,26.69,16.9,10.25,3.2,2.75,4.93
41051003e3,"Census Tract 30, Multnomah County, Oregon",4936,7831.505,0.630274734863636,85.47,4.74,0,4.84,0.36,0.75,3.83,1.86,10.05,26.42,34.31,20.04,4.94,2.39,4.53,1.94,1.94,3.06,2.6,1.79,2.09,1.68,1.73,3.37,5.77,9.18,15.46,15,14.34,12.7,7.35,98889,67262,13.16,39.34,22.7,5.1,2.5,15.97,16.58,83.42,5.61,24.14,30.93,15.93,6.41,2.7,0.69,13.58
41051003100,"Census Tract 31, Multnomah County, Oregon",4980,10037.23,0.496152877928392,85.4,2.99,0.4,4.42,0,2.13,4.66,2.12,8.3,20.33,45.32,14.91,5.68,3.33,7.04,6.13,2.52,2.42,1.96,1.8,1.34,1.96,2.63,2.16,8.04,9.48,15.56,16.59,7.57,11.64,8.19,89826,68214,12.42,27.56,16.43,0.88,3.86,13.24,31.74,68.26,7.2,27.07,29.12,14.15,7.06,4.17,0.35,10.87
41051003200,"Census Tract 32, Multnomah County, Oregon",3979,8996.578,0.44227926924758,82.58,9.17,0.68,1.51,0,0.28,5.78,1.77,6.61,19.92,40.69,19.04,8.47,3.5,4.22,2.68,5.3,0.61,3.9,5.12,2.32,5.55,3.6,2.86,3.96,6.28,14.26,8.04,8.41,9.75,17.37,88882,46681,11.27,31.02,19.13,1.52,3.17,12.92,27.79,72.21,5.72,24.76,28.83,16.66,8.56,3.07,1.31,11.09
41051003301,"Census Tract 33.01, Multnomah County, Oregon",3375,11790.9,0.286237619633759,74.34,11.44,3.17,1.69,0,0.27,9.1,8.53,13.17,21.12,36.05,18.08,2.65,0.39,6.73,9.17,7.04,6.55,1.72,2.78,1.88,5.08,1.97,3.19,3.11,9.99,16.13,12.61,7.37,8.27,3.11,70341,50893,19.49,24.57,18.43,6.55,3.6,6.63,47.58,52.42,5.45,21.84,33.63,21.5,7.68,3.47,2.18,4.26
41051003302,"Census Tract 33.02, Multnomah County, Oregon",3012,11103.33,0.271269982718067,74.1,16.27,0.27,3.05,0,1.13,5.18,6.48,12.03,25.46,36.29,17.74,1.41,0.6,5.11,3.26,8.87,4.1,3.85,2.09,1.59,4.18,4.35,3.85,6.11,15.06,15.48,10.04,6.53,4.77,5.86,64316,57361,12.55,33.56,14.56,2.76,0.92,3.93,40.75,59.25,8.41,19.27,23.89,16.72,9.55,9.12,2.06,10.97
41051003401,"Census Tract 34.01, Multnomah County, Oregon",3690,10014.17,0.368477769008968,67.72,20.33,0,3.39,0,1.73,6.83,6.31,11.01,22.52,38.2,17.29,3.88,0.78,4.68,12.49,2.65,2.85,0.88,7.13,6.65,1.36,2.99,6.79,6.99,8.08,5.36,11.27,7.67,12.56,4.28,59413,50644,11.61,25.66,11.88,2.51,4.28,8.08,48.34,51.66,11.25,26.53,26.04,14.04,4.47,5.4,0.4,11.87
41051003402,"Census Tract 34.02, Multnomah County, Oregon",3708,12419.31,0.298567406489914,74.27,17.26,0,1.16,0,0.97,6.34,2.96,8.78,25.43,44.23,14.6,2.83,1.18,4.01,6.74,5.79,4.7,2.86,2.1,1.46,4.07,7.82,5.66,2.42,8.96,22.57,9.66,3.56,6.99,4.64,70972,64727,13.6,20.34,14.3,7.18,5.47,3.05,63.64,36.36,9.87,29.28,26.47,12.17,7.44,3.81,1.38,9.58
41051003501,"Census Tract 35.01, Multnomah County, Oregon",3642,7337.459,0.496357125978962,76.74,10.87,0.16,4.37,0,3.87,3.98,8.96,11.93,26.52,34.41,12.69,2.94,2.56,6.3,8.78,5.64,6.33,7.27,3.95,7.77,2.26,4.01,2.19,6.27,4.14,15.8,6.39,3.07,7.21,8.9,52674,33830,13.48,19.37,20.63,4.89,4.89,11.16,54.29,45.71,5.53,28.85,28.67,16.28,6.68,3.29,2.47,8.23
41051003502,"Census Tract 35.02, Multnomah County, Oregon",2285,4882.19,0.46802765109336403,83.81,7.31,0.09,4.6,0,0,4.2,2.16,10.75,26.81,30.42,20.5,6.26,3.1,5.78,6.33,4.55,3.44,4.33,1.22,0.67,4.22,3.33,2.33,1.89,11.99,9.66,15.43,9.77,12.87,7.99,90515,63e3,12.65,36.18,20.2,3.33,1.78,13.32,36.07,63.93,14.25,36.07,22.18,7.13,9.31,1.53,1.6,7.93
41051003601,"Census Tract 36.01, Multnomah County, Oregon",4730,7498.981,0.6307523432541,68.58,22.6,1.63,0.97,0,1.54,4.67,2.66,16.01,27.17,32.58,16.92,3.28,1.39,8.71,5.28,4.76,6.27,0.98,2.95,5.75,2.28,3.37,5.18,5.85,17.04,14.5,8.23,7.09,5.39,5.08,65134,46856,9.79,19.78,17.92,3.52,2.9,13.72,33.51,66.49,2.51,32.8,26.88,17.17,9.1,3.87,1.86,5.81
41051003602,"Census Tract 36.02, Multnomah County, Oregon",6971,8148.178,0.855528674264128,71.31,18.81,0.39,1.53,0.1,1.1,6.76,4.55,14.54,28.06,34.86,13.65,1.3,3.05,8.65,2.9,2.26,0.9,1.11,2.98,3.11,5.29,8.35,6.78,3.79,7.5,14.07,15.26,12.36,8.48,4.86,86613,61667,15.56,26.13,28.73,3.32,5.58,22.63,28.94,71.06,4.45,22.48,19.55,22.86,9.08,7.51,3.49,10.58
41051003603,"Census Tract 36.03, Multnomah County, Oregon",1593,4478.258,0.355718636534223,66.48,16.82,0.38,6.72,0,0,9.6,2.17,14.08,31.62,29.36,17.62,2.74,2.41,8.1,3.08,0.92,1.85,8.32,2.31,1.39,10.63,4.47,6.01,6.47,14.64,13.1,4.31,3.85,12.17,6.47,65347,58162,15.25,27.58,23.57,3.24,6.16,24.35,21.73,78.27,5.33,18.31,22.42,24.97,6.1,6.99,4.11,11.76
41051003701,"Census Tract 37.01, Multnomah County, Oregon",4042,7091.849,0.569950131043078,61.85,16.75,0.92,8.83,0,3.19,8.46,6.19,19.4,26.75,32.55,10.23,2.06,2.82,8.78,4.39,9.77,8.07,6.26,6.9,2.63,3.68,3.98,4.85,5.56,11.87,12.57,8.25,6.9,3.22,1.11,49464,35733,17.6,16.49,23.27,4.8,2.28,7.25,50.23,49.77,5.95,38.57,22.29,9.21,12.42,5.43,2.41,3.73
41051003702,"Census Tract 37.02, Multnomah County, Oregon",2733,8336.096,0.327851325952089,83.53,11.45,0,1.32,0.37,0,3.33,4.07,7.93,27.42,44.85,10.64,2.85,2.23,8.99,13.35,5.3,3.04,2.55,1.57,3.14,4.51,1.28,0,4.71,10.11,10.6,13.25,11.29,6.48,8.83,75804,39940,17.96,30.23,20.51,4.32,3.43,13.05,36.7,63.3,6.36,27.99,28.3,17.96,5.67,5.92,2.87,4.93
41051003801,"Census Tract 38.01, Multnomah County, Oregon",2944,6161.969,0.477769395070556,75.99,5.4,0,4.99,3.57,2.07,7.98,7.63,8.74,36.62,27.61,16.59,1.69,1.12,4.89,10.39,1.91,7.94,5.04,4.81,6.04,2.6,5.88,4.13,11.08,7.64,13.98,7.03,7.33,1.68,2.52,50897,40458,14.82,25.44,17.19,3.13,3.06,11.08,43.54,56.46,10.98,29.53,25.55,17.46,9.44,1.35,0.58,5.13
41051003802,"Census Tract 38.02, Multnomah County, Oregon",3475,8115.951,0.428169165262542,81.81,2.33,0.37,3.86,1.29,5.84,4.49,6.11,12.31,32.35,28.21,15.67,3.44,1.9,6.81,5.11,0.58,3.72,2.04,3.8,3.87,0.73,5.11,9.34,5.69,6.72,22.48,14.82,5.33,5.69,4.96,76705,59044,11.97,23.72,15.62,4.38,1.82,12.92,37.88,62.12,6.56,30.1,22.54,19.17,11.34,3.14,3.05,4.1
41051003803,"Census Tract 38.03, Multnomah County, Oregon",4362,9175.604,0.475391005672613,74.48,12.59,0.78,5,0.23,1.88,5.04,9.85,12.87,34.68,30.33,9.59,1.69,0.98,8.26,11.53,3.03,3.27,1.9,4.4,3.21,3.45,6.54,5.23,6.71,11.53,13.61,11.23,6.42,4.87,3.09,61953,51496,18.12,20.92,20.2,4.22,6.48,10.64,43.61,56.39,5.67,41.54,20.06,13.02,10.74,2.15,1.29,5.54
41051003901,"Census Tract 39.01, Multnomah County, Oregon",7677,7886.173,0.973475938884659,71.77,17.99,0,5.97,0,1.16,3.11,14.49,16.66,37.04,20.47,7.12,3.68,0.53,7.19,7.11,6.73,5.32,0.28,5.04,3.71,4.55,3.96,1.02,10.33,14.5,14.64,12.57,6.23,2.45,1.54,61084,50583,17.37,15.52,19.19,7.57,6.48,12.89,30.61,69.39,6.22,27.2,24.43,13.33,10.88,8.05,5.14,4.74
41051003902,"Census Tract 39.02, Multnomah County, Oregon",3382,7741.358,0.436874224899884,83.12,5.85,0,5.41,0.47,0.62,4.52,2.32,15.72,26.4,37.21,10.72,4.26,3.37,2.08,3.97,1.71,3.81,5.06,0.86,1.87,5.37,5.53,6.23,7.63,10.43,16.81,12.53,4.2,8.25,5.76,71094,46445,12.45,27.78,20,2.8,4.67,11.83,19.53,80.47,5.26,21.88,33.03,15.77,12.27,1.54,2.02,8.23
41051004001,"Census Tract 40.01, Multnomah County, Oregon",8333,11734.77,0.710112170403878,66.58,18.84,2.03,1.78,3.01,1.19,6.58,16.07,27.34,28.14,20.96,5.31,1.29,0.9,16.02,11.66,7.2,10.15,4.76,7.86,4.17,6.27,5.42,5.68,6.27,9.34,10.22,6.09,1.81,2.47,0.63,37667,26122,19.82,12.8,20.15,6.79,5.24,9.89,58.08,41.92,6.66,22.39,19.29,24.04,16.14,4.35,2.17,4.95
41051004002,"Census Tract 40.02, Multnomah County, Oregon",6387,6717.448,0.950807494088776,80.07,2.02,0.66,6.03,1.75,0.86,8.61,4.99,21.67,27.54,23.53,17.13,1.09,4.05,10.31,6.82,5.41,3.32,3.32,4.36,6.63,2.03,2.09,4.42,12.41,9.52,11.55,5.41,8.42,9.83,4.48,59508,35375,18.12,25.86,23.1,3.81,5.34,18.55,39.25,60.75,20.81,24.57,19.87,14.38,8.79,2.7,0.9,7.99
41051004101,"Census Tract 41.01, Multnomah County, Oregon",7338,2666.287,2.75214170876467,74.78,7.78,1.62,3.77,3.08,1.84,7.13,15.45,20.98,31.81,21.39,7.47,1.37,1.53,10.41,12.44,1.64,3.25,4,6.08,5.97,1.89,2.4,2.79,6.04,15.84,20.74,9.37,5.22,2.32,0,61806,32448,20.45,19.74,22.17,9.62,4.4,12.26,41.37,58.63,8.72,16.75,32.68,19.34,13.66,4.71,0,4.15
41051004102,"Census Tract 41.02, Multnomah County, Oregon",5175,6980.292,0.741372933002006,81.84,2.74,1.16,5.33,4.21,3.56,1.16,10.35,16.57,34.02,24.45,12.97,0.68,0.96,6.77,10.56,5.4,2.07,3.19,5.12,7.18,4.69,6.24,3.29,7.93,9.06,16.1,8.17,4.13,2.11,4.74,52034,39250,20.61,24.18,23.15,3.38,3.94,15.26,33.47,66.53,4.83,21.51,26.15,26.01,9.22,2.31,4.25,5.73
41051004200,"Census Tract 42, Multnomah County, Oregon",3438,4620.577,0.744062906855167,83.39,5.29,0.29,2.15,0,4.42,4.45,5.75,17.77,24.98,32.19,14.21,1.94,3.16,5,9.29,4.58,6.82,6.03,4.1,5.61,5.79,4.1,8.93,6.45,6.63,12.73,10.19,2.35,4.58,1.81,47089,34350,18.09,18.64,17.13,7.96,1.63,8.08,53.14,46.86,6.43,20.44,25.1,22.87,12.5,5.34,1.71,5.6
41051004300,"Census Tract 43, Multnomah County, Oregon",1062,110.5014,9.61073873701345,86.72,0.94,1.41,4.99,0,0.75,5.18,0.7,17.56,31.5,26.35,15.22,4.8,3.86,3.58,5.1,0.85,1.91,4.25,2.76,5.31,0,0.85,4.67,6.16,8.28,14.23,7.86,13.8,9.13,14.86,92159,34821,15.29,33.33,28.24,0,2.76,14.44,15.92,84.08,1.44,16.88,30.52,22.08,12.75,5.57,0,10.77
41051004500,"Census Tract 45, Multnomah County, Oregon",2148,3621.364,0.593146763614349,87.62,0,1.49,4.05,0.79,1.02,5.03,3.45,8.48,17.57,36.1,16.41,11.81,6.18,1.27,4.27,4.01,3.74,6.41,0,4.9,5.79,5.25,3.74,6.68,9.08,8.64,9.17,5.88,7.12,15.32,67159,53487,14.51,23.42,17.72,1.87,0.71,9.88,58.33,41.67,7.06,29.79,27.02,10.78,9.18,0,0,16.17
41051004601,"Census Tract 46.01, Multnomah County, Oregon",3195,2331.433,1.37040210224912,89.01,0.25,1.13,4.69,0,0.63,4.29,1.92,4.94,10.29,42.99,19.65,15.84,4.37,2.16,2.47,1.78,1.14,2.28,1.52,2.86,2.22,0.95,1.46,5.71,11.29,12.63,7.8,4.19,7.8,33.88,107344,73523,22.08,53.93,32.36,0.51,0,14.02,23.22,76.78,7.97,35.03,18.47,15.59,3.79,0.96,0,18.19
41051004602,"Census Tract 46.02, Multnomah County, Oregon",2046,3740.145,0.547037669672601,91.5,0,0,3.86,0,0.93,3.71,2.87,1.8,12.42,32.44,29.31,15.62,5.54,5.71,2.3,3.21,1.15,2.87,1.49,2.18,4.48,1.72,1.03,5.4,4.36,5.74,9.07,8.73,9.53,36.74,136058,68250,16.19,57.86,22.39,0,0.8,14.7,15.27,84.73,13.39,41.28,17.14,7.2,2.54,2.94,0.71,14.81
41051004700,"Census Tract 47, Multnomah County, Oregon",4782,17570.18,0.272165739764045,90.46,1.13,0.02,3.55,0,3.05,1.78,0.62,5.8,15.6,41.71,20.97,9.19,6.11,5.32,5.83,1.07,4.22,2.68,4.91,5.87,5.75,6.6,1.11,5.44,5.37,15.38,9.05,3.03,5.21,18.48,78750,51705,9.32,36.12,13.27,1.88,4.33,6.52,71.09,28.91,10.61,28.64,23.23,19.15,7.03,3.25,0,8.09
41051004800,"Census Tract 48, Multnomah County, Oregon",2959,25796.05,0.114707481270183,83.41,1.42,1.82,1.18,0,1.82,10.34,3.2,2.78,19.63,50.17,15.46,3.76,5,6.13,15.8,10.63,3.29,1.74,5.9,5.7,3.43,5.51,2.61,4.3,11.41,8.41,6.19,6.28,3.19,5.61,42060,33866,22.67,18.12,16.19,7.64,1.5,7.64,81.1,18.9,18.12,31.34,21.24,10.57,8.52,2.09,0,8.12
41051004900,"Census Tract 49, Multnomah County, Oregon",3534,16774.95,0.210671246353265,78.58,7.5,0,5.57,0.2,1.44,6.71,1.44,11.71,24.63,39.12,15.15,4.79,3.16,7.21,16.18,10,3.01,8.69,5.21,2.86,6.72,6.76,4.79,2.24,6.49,9.54,7.22,4.33,2.63,3.32,36979,35076,30.09,22.52,27.62,4.44,4.48,8.38,87.14,12.86,10.48,26.57,20.2,23.65,8.95,6.8,0,3.35
41051005e3,"Census Tract 50, Multnomah County, Oregon",2929,10225.79,0.286432601232129,87.85,1.26,0,9.15,0,0,1.74,1.55,1.51,15.44,48.4,18.54,10.46,4.11,6.92,3.95,3.69,2.54,0.99,3.48,1.51,3.48,5.09,2.08,5.4,6.85,11.73,17.86,7.58,13.66,10.12,97095,82353,7.79,29.44,9.5,0.99,0.52,3.48,68.59,31.41,12.64,29.26,27.38,10.8,4.6,1.69,0.89,12.73
41051005100,"Census Tract 51, Multnomah County, Oregon",7444,17520.99,0.424861814031571,83.79,5.7,0.24,4.31,0,1.83,4.14,3.02,7.85,25.96,34.14,21.6,5.62,1.8,8.31,15.4,7.6,2.49,7.34,5.72,2.75,2.81,2.27,0.4,3.81,6.24,9.79,10.05,4.33,5.13,13.88,57417,38997,25.25,25.19,27.22,5.13,2.69,12.78,72.08,27.92,9.65,31.64,20.16,12.09,9.89,4.01,0.56,12
41051005200,"Census Tract 52, Multnomah County, Oregon",4505,18610.54,0.24206714471264,81.86,4.42,0.49,6.5,0.4,1.78,4.55,3.85,8.77,29.97,33.66,14.25,3.34,6.15,8.75,17.58,6.85,3.2,7.43,6.08,3.49,7.18,2.2,5.24,3.75,12.54,10.44,4.82,3.52,2.78,2.91,37441,35596,24.47,20.49,17.55,5.37,5.14,7.01,88.66,11.34,9.23,26.99,24.05,8.88,10.22,6.12,2.79,11.71
41051005500,"Census Tract 55, Multnomah County, Oregon",2759,19105.03,0.144412252103099,69.92,4.28,0,18.23,0,1.16,6.42,4.89,12.55,26.03,31.39,15.36,7.7,2.08,14.15,29.77,12.65,8.71,5.01,3.4,3.46,7.34,2.86,2.03,2.27,3.52,5.73,6.21,1.31,2.51,3.22,19331,14774,33.29,15.04,25.06,12.59,2.98,3.64,82.76,17.24,3.09,44.44,23.98,10.27,8.37,5.27,0.7,3.87
41051005600,"Census Tract 56, Multnomah County, Oregon",5509,28994.13,0.190003969130359,73.59,3.45,0.47,12.98,1.36,1.96,6.19,4.11,4.15,31.46,31.7,21.1,2.65,4.83,18.32,19.24,9.9,8.47,5.64,6.4,8.11,4.33,2.31,1.87,7.99,6.64,8.35,5.6,0.44,2.86,1.87,30157,26847,29.41,18.52,20.19,6.68,4.33,8.27,90.18,9.82,24.84,31.23,19.12,9.61,6.57,3.19,0,5.43
41051005700,"Census Tract 57, Multnomah County, Oregon",4072,8952.592,0.454840331306554,76.38,2.16,0.79,7.76,0,3.98,8.94,2.76,7.89,20.72,38.15,21.19,5.96,3.32,9.79,5.84,1.54,3.55,5.42,3.71,5.63,4.51,4.34,4.8,12.89,10.64,11.26,10.18,4.71,4.17,6.8,58816,54745,16.27,36.84,19.57,0,2.25,12.43,71.8,28.2,17.47,31.14,24.04,10.65,6.12,2.16,0.65,7.76
41051005800,"Census Tract 58, Multnomah County, Oregon",5004,3409.891,1.46749560229623,83.53,3.4,0.02,9.51,0.02,0.94,2.58,0.57,3.98,13.46,35.1,20.4,17.2,9.29,9.61,10.66,1.73,4.05,2.28,2.15,4,4.97,3.29,1.05,3.03,3.03,9.52,12.94,4.72,9.1,23.47,100598,36042,24.69,46.78,24.61,1.31,3.2,19.51,39.53,60.47,14.63,39.1,27.39,9.38,3.75,0.71,1.46,3.58
41051005900,"Census Tract 59, Multnomah County, Oregon",7728,7668.775,1.00772281570417,80.34,1.6,1,5.94,0.26,2.72,8.14,1.73,4.39,21.98,38.63,19.15,10.51,3.61,4.57,8.34,1.91,2.46,1.88,3.06,4.21,1.33,4,4.99,5.95,9.86,12.34,10.96,6.11,8.73,13.86,83219,65139,20.71,41,23.26,2.8,1.26,12.8,63.36,36.64,11.85,25.95,30.51,12.15,6.81,5.25,1.65,5.84
41051006001,"Census Tract 60.01, Multnomah County, Oregon",1498,2134.443,0.701822556706826,89.52,2.87,0,4.41,0,0,3.2,1.2,2.66,18.38,39.26,16.15,14.26,8.08,3.78,3.88,4.14,2.54,1.47,6.15,4.55,1.74,2.94,0.94,2.14,8.69,9.76,9.36,8.16,12.03,21.52,105357,56458,17.51,38.5,25,1.47,1.87,10.03,42.38,57.62,8.7,37.4,22.49,14.8,7.91,1.47,0,7.23
41051006002,"Census Tract 60.02, Multnomah County, Oregon",2325,4530.724,0.513162995349785,84.17,4.52,0.13,5.68,0,0.56,4.95,0.76,9.02,22.12,37.54,17.35,7.86,5.36,5.98,3.72,3.1,3.1,2.07,1.76,3.51,2.69,1.76,2.38,3.93,8.06,15.29,12.71,11.78,14.05,10.12,97833,54375,22,45.87,29.44,5.48,4.03,23.14,32.33,67.67,5.74,37.97,26.58,14.6,7.43,0.84,0,6.84
41051006100,"Census Tract 61, Multnomah County, Oregon",2215,3518.764,0.629482453200555,94.13,0.63,0.27,1.72,0,0.95,2.3,0.6,5.01,14.18,37.6,24.92,10.92,6.76,7.25,4.99,2.5,1.04,2.71,2.29,5.1,3.12,1.46,2.91,3.95,6.87,11.76,11.76,7.18,10.2,22.16,106023,48167,20.81,45.58,25.81,3.43,1.04,22.48,21.75,78.25,9.23,27.86,27.07,17.31,7.12,1.14,0,10.28
41051006200,"Census Tract 62, Multnomah County, Oregon",3250,4747.937,0.684507804669365,89.51,3.29,0.28,0.31,0.43,0.65,5.54,1.08,5.91,25.36,41.73,14.94,7.75,3.23,8.79,2.47,0.75,1.12,0,3.66,3.22,2.17,1.42,2.84,10.77,8.38,19.22,12.94,11.82,7.55,11.67,93631,72794,9.42,38.22,27.45,0.22,1.8,19.07,22.14,77.86,7.49,31.18,29.35,14.86,5.01,0.86,1.13,10.12
41051006300,"Census Tract 63, Multnomah County, Oregon",5164,1649.087,3.13142918036686,84.37,0.66,0.08,5.65,0.43,1.78,7.03,1.33,4.46,20.49,34.72,21.5,12.33,5.18,8.78,2.28,2.09,1.65,0.76,3.43,2.03,2.22,2.86,2.6,7.8,6.6,12.5,11.55,6.41,9.58,25.63,105e3,58520,11.48,45.75,25.38,2.16,1.4,16.37,16.56,83.44,16.46,27.18,26.44,14.61,4.71,1.51,0.29,8.8
41051006402,"Census Tract 64.02, Multnomah County, Oregon",5687,2539.733,2.23921191912858,90.19,0,0.3,2.83,0,1.11,5.57,1.35,5.71,21.22,38.41,15.87,14.04,3.4,3.36,1.79,0,1.6,0.87,0.77,1.94,0.63,1.31,0.82,4.46,6.34,12.74,15.35,11.19,14.96,25.23,126484,91080,6.92,45.13,18.11,3.34,1.5,15.4,8.91,91.09,8.58,22.85,35.56,15.06,9.55,1.14,0,7.26
41051006403,"Census Tract 64.03, Multnomah County, Oregon",3974,5427.351,0.73221729212645,75.57,16.83,0.25,3.1,0,0,4.25,4.49,12.37,34.9,31.81,14.16,1.11,1.15,5.1,4.33,5.38,7.43,4.21,8.48,4.68,3.74,5.44,2.92,5.91,8.3,14.68,9.53,6.02,4.56,4.39,56393,34357,18.83,24.5,23.68,2.16,2.28,13.1,42.57,57.43,6.32,26.33,27.97,25.51,5.16,4.44,0,4.29
41051006404,"Census Tract 64.04, Multnomah County, Oregon",3412,3194.449,1.06810263213575,81.07,1.99,0.26,10.4,0,1.58,4.69,1.95,6.72,26.21,34.27,17.17,6.72,6.94,6.37,4.47,1.51,1.63,4.59,4.41,7.61,3.69,2.3,2.9,5.62,8.22,11,10.82,6.53,8.34,16.37,79607,45333,18.31,40.06,30.57,3.63,0.6,24.05,33.66,66.34,8.37,37.37,16.46,19.66,7.71,0.87,2.55,7.01
41051006501,"Census Tract 65.01, Multnomah County, Oregon",6139,4372.377,1.40404164034737,91.12,1.11,0.29,2.33,0,0,5.15,1.75,7.72,27.29,32.01,21.36,5.14,4.72,5.69,0.5,4.06,4.6,1.05,1.09,1.71,0.84,1.76,4.81,7.03,10.71,13.3,12.42,8.49,10.5,17.15,98818,61507,12.92,44.04,27.85,1.71,1.92,20.79,13.68,86.32,4.6,30.47,23.31,19.79,8.2,0.94,1.48,11.22
41051006502,"Census Tract 65.02, Multnomah County, Oregon",4445,6037.904,0.736182561463605,84.68,3.28,0.27,6.39,0,0.38,4.99,2.33,5.6,30.55,33.61,17.85,6.2,3.87,6.74,8.56,4.85,0,3.28,4.85,3.28,6.75,3.61,7.37,10.84,7.65,16.92,10.88,6.32,2.47,2.38,56818,45023,11.6,27.71,14.78,1.33,1.47,13.21,52.47,47.53,3.64,33.38,21.51,19.67,10,5.18,0.44,6.18
41051006601,"Census Tract 66.01, Multnomah County, Oregon",2500,4110.101,0.608257644436963,93.64,1.12,0.36,2.36,0,0,2.52,1.92,5.36,23.82,39.2,17.1,8.55,4.05,4.04,2.79,0,0.84,2.7,2.14,5.4,0,4.47,2.51,8.84,9.3,8.56,16.37,14.05,13.49,8.56,103669,57013,19.44,46.51,34.05,1.86,1.12,29.58,24.93,75.07,4.45,25.26,30.18,15.01,9.29,2.07,1.11,12.63
41051006602,"Census Tract 66.02, Multnomah County, Oregon",5534,5655.011,0.978601059155486,91.83,0.61,0.2,1.19,1.59,2.86,1.72,3.51,10.75,23.64,41.21,16.03,3.06,1.79,7.47,4.08,4.45,6.24,3.7,5.74,7.49,2.66,5.83,0.87,10.2,7.78,12.36,15.31,3.75,3.75,5.78,59070,4e4,14.86,31.54,22.51,5.12,3.91,10.4,47.82,52.18,9.82,31.74,26.05,16.39,7.71,0.49,0.75,7.06
41051006701,"Census Tract 67.01, Multnomah County, Oregon",3424,4792.741,0.714413734735451,87.38,1.02,0.82,3.8,0.26,1.23,5.49,1.77,11.45,24.58,34.71,20.83,3.09,3.58,7.05,5.33,1.26,1.26,4.73,4.29,1.92,3.62,1.78,4.36,9.47,6.36,13.91,11.83,16.2,10.8,2.88,82885,48419,23.15,34.69,30.62,1.04,0.74,23.82,33.43,66.57,10.58,31.49,22.82,11.59,9.8,1.66,0.59,11.47
41051006702,"Census Tract 67.02, Multnomah County, Oregon",3259,6087.299,0.535376997885704,81.47,4.08,0.49,2.36,0,0,11.6,3.78,14.48,29.23,27.88,17.31,4.52,2.78,12.52,7.05,6.05,4.06,4.98,5.12,3.77,3.13,6.33,2.49,3.7,13.24,11.17,11.03,5.2,8.61,4.06,63203,40406,15.23,34.38,25.12,2.7,4.91,17.51,47.4,52.6,7.96,23.03,27.41,15.26,10.48,5.51,0,10.35
41051006801,"Census Tract 68.01, Multnomah County, Oregon",2495,4545.792,0.548859299734207,81.8,3.57,1.04,2.2,0,4.73,6.65,9.73,7.61,12.34,35.6,21.58,9.13,4.02,11.07,9.06,7.84,2.43,1.4,1.68,3.55,8.5,1.59,2.33,3.73,6.91,11.58,3.92,6.26,5.23,24,77542,25833,26.61,37.54,32.77,9.43,4.58,19.05,40.24,59.76,13.95,34.6,21.8,10.15,5.91,0.62,0.53,12.44
41051006802,"Census Tract 68.02, Multnomah County, Oregon",3402,3957.427,0.859649542777804,93.56,0,0.03,3.29,0,0,3.12,3.54,5.77,14.11,31.88,26.27,6.38,12.04,6.36,4.76,3.1,2.21,4,3.1,1.1,5.1,5.31,1.45,3.17,3.03,13.79,6.14,8.97,13.59,21.17,99848,38510,18.55,57.45,24.55,3.93,2.41,13.38,20,80,5.83,36.48,24.75,14.21,5.58,0.68,0,12.47
41051006900,"Census Tract 69, Multnomah County, Oregon",2913,1593.386,1.82818182941388,88.05,0.27,0,6.42,0,0.93,4.33,1.65,5.39,18.21,39,22.15,8.79,4.81,2.63,2.44,0.54,0.9,1.81,0.81,3.97,0.63,0,1.08,1.26,7.4,3.61,9.75,9.75,17.33,38.72,168816,169423,13.45,45.22,24.19,0.72,0.54,15.7,9.48,90.52,5.23,46.37,21.93,7.4,1.29,1.49,1.7,14.6
41051007e3,"Census Tract 70, Multnomah County, Oregon",8427,619.0595,13.6125850776143,78.38,0.91,0,13.29,0.2,0.87,6.35,1.46,5.34,19.48,34.72,23.15,9.74,6.12,4.52,3.06,1,0.97,1.62,3.43,0.5,2,1.75,1.59,3.18,5.71,9.86,11.48,6.49,14.04,33.34,137900,81708,15.85,52.09,21.58,2.09,1.5,17.72,20.87,79.13,3.17,27.59,31.14,19.04,6.16,2.66,0.27,9.98
41051007100,"Census Tract 71, Multnomah County, Oregon",2543,50.45833,50.3980250101545,92.21,0,0.59,3.11,0,1.1,2.99,5.94,15.83,33.74,29.63,7.48,5.98,1.4,4.37,5.34,3.98,4.71,1.81,1.99,4.34,6.88,2.26,0.81,4.43,11.04,11.67,8.51,11.31,5.34,15.57,77208,37847,28.42,44.8,34.93,4.43,1.63,25.88,17.65,82.35,4.95,12.33,27.18,19.46,19.21,1.68,0,15.18
41051007201,"Census Tract 72.01, Multnomah County, Oregon",1991,949.169,2.09762439053772,89.8,3.06,0.5,1.56,0,1.41,3.67,8.4,21.33,35.55,22.73,7.73,3.25,1.01,5.77,8.59,6.63,7.28,11.54,5.4,0.98,1.8,3.76,5.4,2.95,5.89,14.4,10.56,3.52,9,2.29,47763,27935,23.9,22.67,42.8,3.44,4.34,14.48,15.38,84.62,14.07,25.17,17.89,20.48,7.56,4.78,3.25,6.79
41051007202,"Census Tract 72.02, Multnomah County, Oregon",3216,319.1712,10.0760976498733,56.65,19.65,0.53,12.44,0.34,4.6,5.78,13.03,22.35,38.46,19.19,5.99,0.46,0.51,3.88,1.07,2.79,3.78,1.64,3.62,4.11,4.6,5.09,2.14,14.13,16.35,18.16,13.72,4.68,3.04,1.07,61979,45893,14.05,21.04,35.41,3.94,4.03,22.43,32.29,67.71,4.44,21.02,26.36,21.19,16.47,2.36,0.39,7.76
41051007300,"Census Tract 73, Multnomah County, Oregon",1506,156.9034,9.5982606869221,65.01,14.01,1.33,1.66,3.19,7.24,7.57,20.67,35.54,34.8,6.37,2.61,0,0,7.07,2.49,4.98,7.96,2.49,11.94,5.97,14.43,9.95,2.49,9.45,9.45,13.93,1.99,0,2.49,0,39875,36382,11.44,18.91,30.35,2.49,2.49,9.45,59.2,40.8,23.85,10.63,24.14,9.48,19.25,1.15,3.74,7.76
41051007400,"Census Tract 74, Multnomah County, Oregon",3995,7119.675,0.561121132607564,51.89,21.18,1.15,3.05,0.48,1.93,20.33,14.4,15.19,34.96,23.24,10.28,1.24,0.7,11.82,13.35,13.5,1.77,7.15,7.08,4.94,5.68,6.12,0,5.6,9.44,11.21,8.11,0.88,4.5,0.66,36705,21932,21.46,23.01,28.98,5.9,10.77,11.28,57.3,42.7,11.58,28.19,17.47,16.68,10.66,4.37,6.22,4.83
41051007500,"Census Tract 75, Multnomah County, Oregon",5571,6682.074,0.833723167829349,72.9,13.89,0.57,6.61,0,1.26,4.77,11.3,18.37,35.37,23.92,8.82,2.23,0,10.49,4.29,5.03,8.32,2.86,4.19,4.29,3.71,5.35,2.6,6.47,14.04,16.32,10.02,4.29,7.37,0.85,62477,48e3,18.39,18.76,25.76,6.62,5.09,11.34,38.1,61.9,5.34,28.3,23.64,23.82,12.58,3.78,0.57,1.98
41051007600,"Census Tract 76, Multnomah County, Oregon",3458,5602.626,0.617210581670649,73.11,2.2,0.26,8.36,1.74,11.39,2.95,24.85,28.44,31.75,9.09,5.5,0.36,0,7.37,8.49,10.14,7.47,6.21,3.22,7.31,4.56,5.58,1.18,7.47,12.81,13.92,6.37,3.85,0.71,0.71,43100,27353,20.83,5.19,23.74,11.87,7.15,11.16,43.4,56.6,5.06,34.11,26.72,12.51,14.58,5.67,0,1.34
41051007700,"Census Tract 77, Multnomah County, Oregon",2316,5454.674,0.424589998100377,74.44,5.96,0.56,11.01,0,2.29,5.74,15.28,28.1,34.51,16.66,4.79,0.3,0.36,4.03,2.05,9.66,3.26,6.76,3.14,4.35,5.19,9.54,5.92,8.21,15.58,12.56,10.02,2.9,0.85,0,50063,36339,10.99,16.67,25.24,5.19,6.52,14.73,23.91,76.09,2.92,33.92,22.92,17.31,7.62,6.85,1.77,6.69
41051007800,"Census Tract 78, Multnomah County, Oregon",1958,4528.444,0.432378065072116,72.47,3.42,0.82,8.48,1.58,7,6.23,11.7,17.05,38.16,22.82,8.77,0.93,0.57,8.02,9.56,2.15,3.1,4.71,3.9,4.58,5.79,4.71,0.54,9.02,10.77,15.75,9.02,7.4,6.33,2.69,61133,42448,14.67,22.48,21.8,4.71,4.58,17.09,31.9,68.1,6.44,29.07,21.33,25.25,9.46,4.53,1.21,2.72
41051007900,"Census Tract 79, Multnomah County, Oregon",4331,5563.775,0.778428317042396,67.21,9.35,0.85,11.71,0,4.69,6.19,16.23,21.37,31.12,21.82,5.81,3.26,0.38,7.36,9.9,4.5,5.85,3.26,5.85,4.56,5.4,9.12,3.26,11.82,9.9,8.05,9.51,3.71,5.29,0,47371,38929,13.9,16.77,20.09,2.87,1.24,8.89,51.94,48.06,11.57,27.43,22.85,12.69,12.04,4.24,3.64,5.53
41051008001,"Census Tract 80.01, Multnomah County, Oregon",3228,5818.642,0.554768593522441,80.79,1.49,1.05,10.13,0,3.25,3.28,12.01,23.63,39.06,16.88,7.54,0.25,0.63,3.2,9.98,6.87,4.95,8.57,3.1,5.03,2.29,8.2,3.55,10.72,6.87,20.84,4.58,3.18,0.89,0.37,45703,27446,26.24,22.17,36.51,4.51,3.4,15.89,48.19,51.81,6.43,27.91,22.46,24.36,10.31,2.1,0,6.43
41051008002,"Census Tract 80.02, Multnomah County, Oregon",3194,6223.928,0.513180756049835,66.16,5.73,1.6,13.37,6.14,1.41,5.6,16.24,28.54,30.8,16.92,7.15,0.36,0,5.79,3.68,9.24,5.73,2.99,6.67,6.5,3.85,9.07,5.39,6.33,12.49,15.48,7.1,1.88,3.59,0,46142,28781,20.62,16.34,34.47,6.93,5.82,13.26,33.96,66.04,10.45,27.79,23.12,15.97,9.09,5,1.43,7.14
41051008100,"Census Tract 81, Multnomah County, Oregon",7544,6958.619,1.08412316968264,60.64,14.86,0.27,10.1,0,6.27,7.86,13.8,28.29,38.05,14.73,4.08,0.71,0.33,6.93,8.74,11.5,8.18,5.68,8.24,6.45,4.69,7.18,5.88,7.68,10.14,5.85,5.12,3.99,0.66,0,36698,25855,29.62,18.05,32.71,8.21,11.4,16.56,68.32,31.68,5.98,23.5,25.46,20.23,13.65,6.11,0.51,4.56
41051008201,"Census Tract 82.01, Multnomah County, Oregon",3032,3724.076,0.814161687235617,72.72,1.91,0,12.27,1.65,7.29,4.16,10.09,23,39.62,19.63,5.52,2.15,0,5.69,4.63,5.68,5.3,13.14,11.2,5.53,4.26,3.14,5.45,7.47,9.56,12.85,4.85,1.49,4.03,1.42,40486,26250,34.13,27.04,47.57,0.6,3.44,27.11,61.61,38.39,10.08,30.71,15.43,17.42,14.06,5.5,0.53,6.26
41051008202,"Census Tract 82.02, Multnomah County, Oregon",9312,10163.69,0.916203086655228,62.87,7.14,1.14,10.29,1.4,12.66,4.51,24.08,25.47,26.24,16.49,5.36,1.94,0.43,8.04,9.54,9.23,11.17,6.27,7.49,5.15,5.12,3.21,7.21,5.3,8.39,12.2,7.64,0.41,1.06,0.62,36005,25994,23.77,15.38,28.88,8.17,7.3,13.79,71.02,28.98,4.76,20.11,26.41,15.03,16.29,3.69,4.18,9.53
41051008301,"Census Tract 83.01, Multnomah County, Oregon",4431,7076.287,0.626175874173934,47.19,7.54,0.29,33.9,0.23,8.08,2.78,25.39,29.43,26.21,16.12,2.62,0.22,0,14.19,23.12,10.33,6.75,5.08,6.03,10.33,3.58,6.51,2.87,5.5,6.21,10.04,2.21,0,0,1.43,29068,11939,32.2,11.47,26.64,16.79,9.98,9.08,69.83,30.17,6.35,16.41,18.76,23.76,16.06,10.65,4.76,3.24
41051008302,"Census Tract 83.02, Multnomah County, Oregon",4487,5190.514,0.864461534184714,58.55,6.15,0.16,23.74,2.16,3.74,5.5,21.4,26.63,34.6,13.47,3.18,0.31,0.41,12.77,10.17,10.44,7.07,3.57,11.43,5.15,5.75,3.43,4.29,5.09,9.78,12.95,6.08,4.03,0,0.79,36875,25688,19.75,10.24,25.36,12.09,8.12,10.5,37.19,62.81,4.08,24.74,20.44,19.44,15.78,8.42,2.81,4.29
41051008400,"Census Tract 84, Multnomah County, Oregon",4595,9174.641,0.50083706951538,73.84,8.34,0.13,12.4,0,3.24,2.05,23.93,26.97,36.9,8.9,2.77,0.33,0.2,10.55,9.43,9.06,8.13,12.63,6.41,4.44,5.55,8.56,2.46,3.14,12.75,9.55,5.61,1.42,0.86,0,34918,22358,21.57,13.68,25.08,9.74,7.64,9.55,56.75,43.25,7.67,19.81,20.98,28.12,8.84,5.86,3.46,5.27
41051008500,"Census Tract 85, Multnomah County, Oregon",4457,5253.714,0.848352193137574,72.11,5.18,1.03,11.26,0,4.64,5.77,16.75,27.96,40.71,9.54,4.2,0.53,0.3,10.29,9.23,3.49,1.37,2.87,15.39,6.09,6.7,6.22,5.4,5.95,13.68,12.31,4.92,3.49,1.71,1.16,43571,36725,14.64,9.44,22.3,6.36,4.45,9.51,38.85,61.15,4.5,26.57,23.39,25.88,11.55,5.33,1.42,1.37
41051008600,"Census Tract 86, Multnomah County, Oregon",4150,8374.798,0.495534342244057,75.49,13.13,0.22,2.53,0.51,2.07,6.05,17.29,33.76,32.72,12.64,2.97,0.61,0,10.22,13.47,5.55,4.66,5.87,7.08,7.53,5.55,5.17,10.4,12.38,4.91,12.13,1.34,2.49,1.47,0,40363,30379,17.55,14.23,22.4,3.96,6.38,11.93,41.23,58.77,7.42,26.1,19.2,22.68,12.96,7,1.5,3.15
41051008700,"Census Tract 87, Multnomah County, Oregon",4829,7445.48,0.648581383388649,74.65,1.28,0,13.63,0,1.57,8.86,12.08,17.66,32.55,27.16,8.9,1.65,0,6.54,3.93,4.21,4.38,6.78,1.54,2.73,4.38,3.93,4.56,14.35,13.15,19.65,6.89,5.58,2.28,1.65,59103,51497,15.15,17.48,21.75,5.18,6.38,11.1,32.57,67.43,5.06,24.68,25.13,15.58,14.01,3.5,3.39,8.64
41051008800,"Census Tract 88, Multnomah County, Oregon",4503,7051.287,0.638606819799937,83.12,1.15,1.04,5.88,2.71,3.24,2.84,10.93,26.97,41.41,14.26,5.3,0.64,0.49,10.85,4.11,2.74,8.22,7.04,2.68,6.91,4.55,1,2.8,10.02,12.02,16.94,11.02,5.17,2.93,1.87,59722,47176,16.13,16.94,22.73,6.16,9.53,8.9,27.09,72.91,1.92,24.08,26.05,22.99,12.32,5.49,3.02,4.12
41051008901,"Census Tract 89.01, Multnomah County, Oregon",9385,2511.385,3.73698256517019,69.48,5.53,0.67,17.7,0,1.72,4.9,13.83,25.4,33.98,18.55,5.67,1.3,1.27,6.08,6.05,2.15,4.32,2.02,6.44,2.85,7.65,3.27,3.78,8.87,7.08,14.89,12.81,5.67,5,7.17,67049,40081,16.91,27.92,26.8,6.53,3.36,15.53,22.54,77.46,8.87,19.87,25.03,16.2,16.09,5.53,3.56,4.84
41051008902,"Census Tract 89.02, Multnomah County, Oregon",3797,3298.412,1.15116015981541,69.03,5.72,2.05,7.66,0.03,5.85,9.67,15.03,26.99,32.3,20.02,4.61,1.05,0,3.11,8.43,4.97,4.25,6.2,5.62,5.91,6.63,9.08,1.95,8.43,12.1,15.2,4.03,2.59,3.67,0.94,44364,36316,16.07,16.71,21.18,4.97,3.24,9.58,56.7,43.3,8.42,27.48,24.11,19.6,9.7,1.98,2.77,5.94
41051009e3,"Census Tract 90, Multnomah County, Oregon",10809,10009.17,1.07990963664697,64.21,7.17,0.95,14.4,2.53,5.66,5.09,24.32,27.75,32.31,11.64,2.9,0.4,0.67,10.94,15.85,5.17,9.99,2.62,6.52,4.63,6.56,2.96,3.81,11.47,9.9,9.33,6.84,2.17,1.23,0.95,38482,28556,22.25,11.91,23.86,9.74,8.54,10.87,53.55,46.45,11.02,19.36,19.9,17.09,17.24,4.61,4.09,6.67
41051009101,"Census Tract 91.01, Multnomah County, Oregon",5690,9261.589,0.614365394743142,61.39,4.27,0.26,12.09,6.63,12.13,3.23,27.39,32.82,29.31,8,1.65,0.19,0.65,21.15,21.87,12.37,4.63,4.98,7.19,2.82,7.34,5.13,5.73,6.08,7.39,9.1,2.97,1.16,0.35,0.9,28347,12373,31.83,8.55,26.9,12.72,20.01,17.19,53.65,46.35,3.3,23.82,23.26,19.81,8.53,10.87,5.74,4.67
41051009102,"Census Tract 91.02, Multnomah County, Oregon",6580,3253.713,2.02230473654704,71.06,6.5,0.09,13.68,0,7.63,1.03,17.42,31.43,38.18,9.05,2.52,1.16,0.24,4.93,5.75,8.8,7.34,3.56,3.65,7.3,8.89,4.88,5.75,4.79,14.14,10.31,9.07,3.74,2.05,0,44844,30391,28.45,12.45,27.41,8.8,8.03,16.83,44.46,55.54,2.32,27.16,33.39,16.99,9.02,3.88,1.81,5.43
41051009201,"Census Tract 92.01, Multnomah County, Oregon",8268,8025.399,1.03022909758655,69.8,5.53,2.13,10.91,1.57,2.49,7.57,21.23,28.65,32.7,13.24,3.89,0.3,0,11.47,7.15,9.38,7.81,4.16,6.61,8.8,6.09,3.39,3.69,5.99,14.38,10.07,4.89,4.64,1.5,1.46,4e4,24611,18.03,9.64,24.85,5.8,4.38,13.07,52.77,47.23,3.33,25.89,28.93,16.27,8.4,11.34,1.35,4.48
41051009202,"Census Tract 92.02, Multnomah County, Oregon",5131,8173.419,0.627766615134896,64.86,9.39,0.47,13.99,0.92,6.28,4.09,15.45,32.19,38.23,9.13,3.23,0.9,0.87,6.62,6.36,3.63,7.07,3.03,7.43,5.89,6.9,3.8,5.23,10.94,10.05,12.19,5.47,8.15,2.32,1.55,50417,39531,13.32,12.9,24.14,6.9,8.38,20.57,36.74,63.26,6.18,23.44,22.86,23.9,6.87,10.04,4.21,2.51
41051009301,"Census Tract 93.01, Multnomah County, Oregon",6846,10332.62,0.662562143145065,69.31,7.51,0.41,7.73,0,9.63,5.42,16.13,29.4,34.7,13.78,4.95,0.53,0.51,9.86,8.78,9.15,6.83,4.09,8.17,2.97,1.81,7.76,4.55,8.36,5.85,20.2,4.09,3.53,2.79,1.07,45371,30227,26.85,11.75,28.19,15.23,10.73,15.84,63.17,36.83,9.97,32.54,18.24,12.71,4.45,11.28,3.66,7.15
41051009302,"Census Tract 93.02, Multnomah County, Oregon",4609,4378.319,1.05268711669707,63.31,4.47,0,14.6,6.16,3.75,7.7,16.01,24.88,34.91,17.19,4.96,0.79,1.25,2.59,7.47,6.58,7.65,6.17,7.3,3.14,0.77,3.5,5.63,3.97,11.68,21.23,5.75,4.45,1.25,3.44,53036,33477,24.79,18.39,30.31,8.3,7.59,12.46,48.64,51.36,8.82,29.04,26.26,13.72,11.36,3.06,0,7.73
41051009400,"Census Tract 94, Multnomah County, Oregon",7269,4988.746,1.4570797239215,76.75,5.97,0.4,5.39,2.55,2.59,6.36,10.59,26.94,38.57,14.64,6.57,1.92,0.78,6.52,8.07,3.1,6.06,5.55,1.4,5.42,3.78,5.76,6.64,8.86,9.74,17,14,2.66,1.4,0.55,54085,35439,36.63,31.18,50.15,1.43,1.23,30.22,20.07,79.93,3.33,26.95,25.27,19.36,10.5,9.91,0.49,4.2
41051009501,"Census Tract 95.01, Multnomah County, Oregon",4976,6883.318,0.722907210380898,55.49,16.54,0.14,16.12,0,0.94,10.77,11.44,29.92,40.55,13.62,2.32,1.04,1.1,11.33,7.82,4.69,5.63,5.32,7.19,5.89,8.65,5.42,3.23,7.61,8.97,12.67,7.92,4.85,3.7,0.42,44552,30435,27.84,25.81,35.71,9.12,3.28,22.21,41.92,58.08,6.59,22.97,27.34,17.18,11.64,7.96,1.26,5.06
41051009502,"Census Tract 95.02, Multnomah County, Oregon",4065,6419.77,0.633200231043542,60.86,19.04,0.2,6.52,3.03,2.02,8.34,13.57,24.71,38.93,16.69,4.55,0.97,0.57,9.99,5.51,7.28,5.7,3.73,5.06,4.81,3.54,4.75,3.23,4.62,12.78,16.27,11.65,4.81,3.48,2.78,60722,44643,22.09,28.99,29.43,3.29,6.84,20.57,49.62,50.38,5.64,24.08,31.8,21.35,8.81,3.39,0.82,4.11
41051009603,"Census Tract 96.03, Multnomah County, Oregon",3683,5456.09,0.675025521353767,78.5,1.71,1.28,4.4,4.75,5.81,3.56,16.71,27.78,41.01,11.64,1.31,1.55,0,4.88,6.64,3.49,2.62,5.85,2.27,4.45,6.72,6.11,3.49,9.34,18.43,15.46,4.89,5.94,1.83,2.45,58403,36250,15.2,11.53,29.87,9.96,10.48,17.64,31.88,68.12,6.45,24.93,27.6,18.71,11.91,2.67,2.44,5.29
41051009604,"Census Tract 96.04, Multnomah County, Oregon",5386,6208.028,0.867586259086915,63.67,9.82,1.06,2.43,3.68,13.18,6.16,25.14,30.92,32.63,8.58,2.74,0,0,14.86,8.82,10.37,7.17,8.56,13.26,1.76,7.17,7.7,6.63,8.72,7.75,6.84,3.96,0,1.28,0,35038,26676,23.1,10.27,24.06,5.88,13.8,9.84,67.7,32.3,11.4,19.79,10.79,21.11,15.15,13.32,7.74,0.7
41051009605,"Census Tract 96.05, Multnomah County, Oregon",5341,5218.909,1.02339393078269,64.43,17.51,1.46,10.34,0,3.15,3.13,16.74,28.18,30.08,18.07,4.92,1.11,0.9,11.03,12.33,4.81,4,16.33,8.33,4.33,8.71,3.71,7.19,3.67,4.57,7,5.24,5.33,1.52,2.9,34837,22357,28.95,25.81,37,6.43,8.52,16.86,58,42,6.65,30.32,14.03,22.24,7.57,5.12,3.97,10.11
41051009606,"Census Tract 96.06, Multnomah County, Oregon",5685,12067.85,0.471086352523641,62.74,9.5,0.6,9.89,1.92,9.99,5.36,30.63,26.84,32.2,9.24,0.95,0,0.14,7.12,10.19,10.99,4.32,8.59,15.04,4.11,3.04,4.05,8,3.89,9.49,10.45,4.64,1.44,1.07,0.69,30676,24414,21.92,8.53,23.09,10.24,10.67,7.52,69.28,30.72,7.68,22.09,20.35,19.59,20.27,4.65,2.38,2.99
41051009701,"Census Tract 97.01, Multnomah County, Oregon",5857,8325.646,0.703488973694087,68.74,4.93,0.77,14.6,0.26,4.11,6.59,17.39,32,35.69,11.62,2.13,0.9,0.25,18.64,10.84,7.5,7.25,10.24,5.8,4.05,3.25,4.1,5.25,9.95,10.89,8.35,7.1,2.95,1.25,1.25,41991,22774,21.84,12.89,30.83,4.5,10.79,19.24,46.53,53.47,1.9,23.57,28.92,15.18,15.94,4.68,2.87,6.96
41051009702,"Census Tract 97.02, Multnomah County, Oregon",8583,8427.775,1.01841823205358,62.83,12.37,2.12,9.67,0.89,8.68,3.44,18.32,41.76,31.67,6.14,1.67,0,0.43,11.61,7.64,7.76,7.41,9.66,8.07,3.38,4.81,4.31,2.64,16.69,7.61,6.83,8.65,3.45,0,1.09,40913,22917,20.57,14.9,30.89,7.99,7.8,15.56,31.63,68.37,9.69,18.23,22.67,21.7,8.92,9.63,7.74,1.42
41051009801,"Census Tract 98.01, Multnomah County, Oregon",4787,4966.248,0.963906782579688,75.27,7.73,0,0.15,0.27,8.11,8.48,26.52,36.12,29.43,5.4,2.22,0.31,0,19.26,12.67,14.03,10.59,6.66,4.72,6.23,2.86,3.51,1.93,15.03,5.94,10.67,4.29,0.86,0,0,30651,16042,20.4,2.29,21.55,12.38,15.46,9.31,70.08,29.92,11.6,16.36,11.73,29.99,14.46,8.75,5.14,1.97
41051009803,"Census Tract 98.03, Multnomah County, Oregon",7957,6330.375,1.25695563068246,71.38,5.87,0.87,5.99,0,9.05,6.84,21.24,27.14,36.09,11.24,3.2,0.28,0.81,9.48,8.4,4.01,13.09,5.8,5.53,3.05,4.24,4.58,8.93,5.57,11.37,9.77,8.78,4.69,2.18,0,45746,21720,31.72,21.22,42.29,8.21,9.39,19.85,61.22,38.78,6.55,23.89,14.17,21.68,17.09,8.33,5.44,2.86
41051009804,"Census Tract 98.04, Multnomah County, Oregon",3314,7387.781,0.448578526232554,78.3,3.05,0,11.68,0,4.04,2.93,21.17,31.26,36.17,9.46,1.94,0,0,4.44,12.87,3.26,9.44,7.58,4.59,6.35,7.32,1.85,3.26,11.2,8.02,13.23,5.91,2.65,1.85,0.62,37428,24215,32.45,17.55,34.39,10.32,10.67,23.72,38.01,61.99,6.61,22.21,19.54,14.56,19.91,8.25,6.91,2.01
41051009903,"Census Tract 99.03, Multnomah County, Oregon",6270,2222.527,2.82111345689633,79.51,1.96,0,10.94,0,0.19,7.4,7.37,23.99,37.35,20.66,7.44,1.32,1.87,5.06,0.95,1.38,1.76,1.81,2.86,0,1.38,2.72,6.38,6.29,11.05,24.34,12.29,10.34,12.1,4.34,87319,62443,13.82,21.77,28.39,4.34,2.53,30.82,8.29,91.71,3.82,22.64,27.96,21.18,13.33,2.29,2.46,6.32
41051009904,"Census Tract 99.04, Multnomah County, Oregon",3953,7934.091,0.498229721527667,92.16,1.16,0,1.49,0.23,1.32,3.64,13.31,24.9,42.39,13.82,3.75,1.59,0.24,11.78,12.07,3.54,2.6,11.13,2.75,2.1,4.26,4.34,1.37,8.96,7.15,10.91,11.49,10.62,6.72,0,55705,36429,22.76,15.1,22.25,1.01,11.27,20.01,43.79,56.21,10.89,20.05,19.99,18.77,15.01,6.6,1.97,6.72
41051009905,"Census Tract 99.05, Multnomah County, Oregon",3261,5404.433,0.603393529236429,82.4,0.64,4.02,1.44,2.05,2.24,7.21,9.32,26.06,42.4,17.21,2.44,2.27,0.31,3.96,0.66,1.4,2.81,2.81,4.46,5.28,1.07,15.03,9,8.42,9.58,16.27,8.59,8.84,4.13,1.65,57301,41185,14.37,18.74,24.03,3.47,3.39,17.84,32.29,67.71,8.63,17.99,24.41,21.97,17.99,3.54,4.21,1.27
41051009906,"Census Tract 99.06, Multnomah County, Oregon",3233,1763.3,1.83349420923958,86.85,3.43,0.15,3.31,0,4.02,2.23,6.74,21.36,41.14,19.53,8.94,1.14,1.14,2.61,0.62,0.7,2.57,1.79,4.68,6.94,2.89,4.6,2.03,6.94,13.18,15.29,10.69,6.16,14.74,6.16,87708,54188,18.41,30.42,30.66,4.52,2.57,27.15,23.01,76.99,10.94,17.74,19.43,25.25,10.41,6.81,2.39,7.04
41051009907,"Census Tract 99.07, Multnomah County, Oregon",4927,1534.366,3.21109750315445,81.35,0.47,2.76,1.1,0,5.32,9.01,12.5,16.93,44.19,16.65,6.91,2.39,0.43,7.13,4.83,3.06,1.17,4.89,3.61,6.61,6.94,3.5,4.78,4.94,11.67,16.56,13.06,1.56,7.67,5.17,68875,33472,17.33,29.39,28.22,4.83,8.44,22.78,28.67,71.33,7.08,23.77,16.64,14.15,18.96,11.66,2.36,5.38
41051010001,"Census Tract 100.01, Multnomah County, Oregon",5315,4782.917,1.11124646137357,91.5,1.17,0.24,0.96,0,2.22,3.91,14.84,27.89,37.18,13.42,4.99,1.55,0.13,9.19,9.6,11.15,9.89,6.75,13.63,1.67,6.35,4.15,4.84,3.66,10.74,7.69,5.25,1.83,2.81,0,29612,23457,28.84,15.22,37.1,6.96,2.28,11.96,73.47,26.53,15.99,30.5,15.21,8.49,17.03,6.85,1.04,4.9
41051010002,"Census Tract 100.02, Multnomah County, Oregon",5708,7644.978,0.74663396123843,80.03,1.07,3.12,5.73,0,5.48,4.57,12.5,24,40.5,14.77,6.01,1.05,1.18,7.83,6.17,1.73,5.41,7.86,4.18,5.31,2.14,3.47,6.07,12.14,8.67,13.78,10.61,6.89,2.35,3.21,57083,33036,19.13,15.87,31.38,4.64,6.63,18.01,42.14,57.86,9.41,28.42,13.54,16.34,12.26,7.55,4.52,7.95
41051010100,"Census Tract 101, Multnomah County, Oregon",9090,4669.075,1.94685264951035,79.49,6.67,0.56,2.79,0,3.11,7.37,8.77,23.12,44.38,18.26,4.02,1.2,0.25,9.62,6.76,5.54,5.68,5.65,6.9,6.11,5.46,4.56,3.97,10.1,9.72,12.9,8.72,3.2,3.42,1.3,49179,33433,25.77,17.25,31.12,4.89,9.04,19.47,57.39,42.61,11.39,22.07,20.65,22.45,13.56,3.93,3.25,2.7
41051010200,"Census Tract 102, Multnomah County, Oregon",6213,581.8008,10.6789127980516,81.35,2.32,1.75,6.87,0,3.04,4.67,19.34,25.55,32.1,14.57,7.82,0.62,0,8.86,10.87,3.72,4.46,0.79,4.79,1.24,3.35,5.21,8.02,6.98,22.98,11.16,8.97,2.07,4.26,1.16,60148,26925,23.39,16.61,35.54,3.35,3.18,27.11,24.67,75.33,18.21,31.48,12.24,23.53,7.1,3.42,0.66,3.35
41051010303,"Census Tract 103.03, Multnomah County, Oregon",5521,2669.678,2.06803931137905,77.12,5.23,0.2,5.8,0,4.56,7.08,11.51,23.68,41.07,19.02,4.44,0,0.28,11.17,8.83,6.11,6.15,2.22,6.61,5.13,8,4.21,4.63,5.78,5.69,15.49,6.43,5,6.75,2.96,47201,30292,20.95,14.15,22.53,8.19,5.78,15.73,55.69,44.31,17.18,18.05,16.06,25.44,10.87,6.93,2.57,2.9
41051010304,"Census Tract 103.04, Multnomah County, Oregon",4456,5362.229,0.830997672576089,72.44,3.55,5.81,3.12,2.51,7.23,5.34,22.53,24.6,42.12,7.12,2.7,0.94,0,7.93,5.35,4.46,12.35,7.89,3.23,12.42,6.11,2.54,3.16,7.34,14,9.88,5.83,2.06,0.69,2.68,36756,30647,16.13,9.47,17.57,5.83,10.02,13.8,57.52,42.48,12.55,31.98,12.66,19.64,10.06,3.14,6.82,3.14
41051010305,"Census Tract 103.05, Multnomah County, Oregon",4316,3646.08,1.18373714472808,90.73,0.63,1.46,2.94,0,0,4.24,6.96,23.18,38.99,25.14,4.39,1.34,0,9.92,6.7,0,1.29,3.87,2.38,7.73,3.8,1.61,4.45,10.24,10.76,18.17,15.46,9.21,1.8,2.51,71850,61389,24.1,20.62,24.16,3.16,5.48,16.82,27.06,72.94,13.71,30.45,16.45,14.33,12.6,2.45,3.46,6.54
41051010306,"Census Tract 103.06, Multnomah County, Oregon",4998,7806.216,0.640258951006723,80.63,4.22,1.36,6.04,0,5.92,1.82,9.37,22.57,47.02,16.71,3.19,0.95,0.18,13.26,7.47,1.97,0,7.29,5.86,2.45,7.41,4.3,5.26,9.38,8.13,14.11,12.43,4.96,5.74,3.23,59266,35125,12.01,12.79,19.67,0.96,6.46,14.41,36.52,63.48,6.45,18.78,22.13,29.46,11.21,5.79,1.9,4.26
41051010402,"Census Tract 104.02, Multnomah County, Oregon",6566,481.7527,13.6294005995395,91.29,0.59,0.27,4.69,0.06,2.65,0.44,7.05,24.69,40.63,19.94,5.34,1.6,0.75,8.73,0.55,0.77,3,5.72,6.86,2.64,1.73,1.68,3.95,10.95,16.45,17.4,9.36,7.41,5.86,5.68,73250,29043,16.31,31.35,30.99,3.27,4.13,18.4,22.54,77.46,9.44,22.07,20.94,20.78,13.23,6.36,1.22,5.96
41051010405,"Census Tract 104.05, Multnomah County, Oregon",6017,7321.967,0.82177369161556,85.23,2.58,1.66,3.24,0.28,0.07,6.95,17.04,23.71,36.5,17.59,3.49,1.67,0,9.8,4.27,1.85,9.5,6.51,8.22,4.44,3.39,9.23,5.19,11.21,8.71,9.89,13.72,3.08,0.79,0,47235,35577,17.33,20.18,31.88,2.46,1.58,15.79,54.71,45.29,8.11,25.21,16.27,20.41,12.21,4.99,8.39,4.42
41051010407,"Census Tract 104.07, Multnomah County, Oregon",5744,3500.284,1.6410095336349,86.06,2.58,2.59,1.83,0,2.79,4.16,14.81,25.64,41.15,12.58,4.09,1.53,0.19,7.56,7.19,3.11,3.49,3.06,3.97,5.64,4.19,4.46,4.88,8,10.68,16.59,14.71,3.86,2.15,4.03,65346,37095,20.93,18.52,29.47,3.86,3.76,19.06,33.39,66.61,11.45,28.26,19.87,12.77,18.4,3.93,1.06,4.27
41051010408,"Census Tract 104.08, Multnomah County, Oregon",6098,5571.535,1.09449194359202,86.03,0.67,1.95,1.89,0,2.36,7.1,19.22,28.79,36.05,7.75,7.4,0.52,0.27,9.71,1.05,4.95,5.71,14.48,2.19,3.57,6.33,4.62,4.57,6,23.57,9.81,7.86,4.29,0,1,54538,32308,17.33,13,24.24,5.62,9.67,17.76,43.48,56.52,12.5,25.59,14.5,26.86,10.63,4.6,3.5,1.83
41051010409,"Census Tract 104.09, Multnomah County, Oregon",8511,3724.962,2.28485537384729,85.69,4.76,0,3.43,0.56,1.42,4.14,4.76,22.81,43.86,18.59,8.68,0.54,0.76,3.61,3.9,0.79,4.19,2.76,2.72,1.93,6.51,1.36,4.26,10.06,14.35,14.89,14.6,8.55,7.52,1.61,72128,36311,12.56,19.94,24.7,4.19,2.79,17.97,36.26,63.74,12.5,24,21.61,15.64,13.29,5.12,4.09,3.75
41051010410,"Census Tract 104.10, Multnomah County, Oregon",4764,6965.997,0.683893516108955,77.48,3.88,0.4,1.55,0,6.95,9.74,12.65,24.48,43.9,13.29,3.77,0.54,1.36,10.62,8.16,6.2,8.67,6.26,5,10.11,5,3.39,2.87,11.6,11.14,15.34,3.27,2.53,0.46,0,41010,31910,19.18,16.03,23.72,8.04,7.29,20.16,59.28,40.72,17.4,25.99,15.27,15.84,12.75,6.81,3.34,2.6
41051010411,"Census Tract 104.11, Multnomah County, Oregon",3098,6886.888,0.44984030814042397,82.12,2.87,0.71,7.07,0.48,3.78,2.97,17.54,37.4,30.72,11.22,2.58,0,0.53,12.18,9.85,8.43,4.02,7.01,9.85,2.76,3.62,6.86,3.55,13.55,9.3,8.9,5.91,4.33,0,2.05,43561,24549,41.29,22.93,45,5.91,6.07,27.74,43.81,56.19,14.03,24.53,15.44,13.95,19.59,4.62,0.71,7.13
41051010500,"Census Tract 105, Multnomah County, Oregon",3886,21.33073,182.178450247646,89.29,1.67,2.16,0.69,0,0,6.18,10.03,29.97,27.44,19.53,8.73,3.75,0.56,8.06,4.99,2.84,6.65,1.32,5.61,4.57,3.05,5.82,6.79,9,10.32,13.43,7.76,6.09,5.96,5.82,59063,27056,29.64,30.68,40.79,7.27,0,26.87,16.14,83.86,10.09,15.83,13.83,15.23,19.57,13.43,2.74,9.29
41051010600,"Census Tract 106, Multnomah County, Oregon",2932,7564.917,0.387578629707937,76.6,10.88,1.16,2.29,0,1.53,7.54,12.23,20.42,33,23.27,5.86,2.93,2.3,17.59,36.07,17.67,8.26,5.72,4.63,6.34,0,3.07,2.39,1.61,2.44,3.85,3.01,1.46,2.6,0.88,13831,12784,52.86,12.58,29.68,13.46,7.17,9.67,88.88,11.12,22.08,24.79,11.25,21.04,7.92,6.67,0.42,5.83
4105198e4,"Census Tract 9800, Multnomah County, Oregon",0,0,1.57473123427599,NA,NA,NA,NA,NA,NA,NA,NA,NA,NA,NA,NA,NA,NA,NA,NA,NA,NA,NA,NA,NA,NA,NA,NA,NA,NA,NA,NA,NA,NA,NA,NA,NA,NA,NA,NA,NA,NA,NA,NA,NA,NA,NA,NA,NA,NA,NA,NA,NA
